{
"results" : [

  {
    "objectId": "5deeb6f6129ec20d34ce4188",
    "owningId": "sv7fjDVISU",
    "relatedId": "2MzEUzqPbB"
  },
  {
    "objectId": "5deeb6fd129ec20d34ce4189",
    "owningId": "VqASvLCk8S",
    "relatedId": "UzdT6aXzkD"
  },
  {
    "objectId": "5deeb708129ec20d34ce418a",
    "owningId": "MEzedNnNVw",
    "relatedId": "EIAlY1tQbG"
  },
  {
    "objectId": "5deeb708129ec20d34ce418c",
    "owningId": "MEzedNnNVw",
    "relatedId": "ssmaOeMzwE"
  },
  {
    "objectId": "5deeb708129ec20d34ce418b",
    "owningId": "MEzedNnNVw",
    "relatedId": "5sRksFcml2"
  },
  {
    "objectId": "5deeb716129ec20d34ce418d",
    "owningId": "I8RkNYNHa4",
    "relatedId": "se7dVwz8up"
  },
  {
    "objectId": "5deeb71d129ec20d34ce418e",
    "owningId": "8iGu4upB6j",
    "relatedId": "se7dVwz8up"
  },
  {
    "objectId": "5deeb725129ec20d34ce418f",
    "owningId": "8rTBsf4ObQ",
    "relatedId": "AHxyZ5fVYq"
  },
  {
    "objectId": "5deeb736129ec20d34ce4190",
    "owningId": "hVs5HyPvID",
    "relatedId": "weFiDSaYre"
  },
  {
    "objectId": "5deeb736129ec20d34ce4191",
    "owningId": "hVs5HyPvID",
    "relatedId": "b5FolHWiNP"
  },
  {
    "objectId": "5deeb744129ec20d34ce4193",
    "owningId": "khAszEtDXl",
    "relatedId": "ZMvpdyTry1"
  },
  {
    "objectId": "5deeb755129ec20d34ce4194",
    "owningId": "emj7gm2L4O",
    "relatedId": "HsJGht1G4p"
  },
  {
    "objectId": "5deeb755129ec20d34ce4195",
    "owningId": "emj7gm2L4O",
    "relatedId": "AHO231EL85"
  },
  {
    "objectId": "5deeb77d129ec20d34ce4199",
    "owningId": "s6ejWUPV5j",
    "relatedId": "05x6gN0X6P"
  },
  {
    "objectId": "5deeb77d129ec20d34ce4198",
    "owningId": "s6ejWUPV5j",
    "relatedId": "se7dVwz8up"
  },
  {
    "objectId": "5deeb785129ec20d34ce419a",
    "owningId": "sbCG0KlS9w",
    "relatedId": "PFN2KTPCJD"
  },
  {
    "objectId": "5deeb7de129ec20d34ce419c",
    "owningId": "8lauBzPLI5",
    "relatedId": "se7dVwz8up"
  },
  {
    "objectId": "5deeb86a129ec20d34ce419d",
    "owningId": "qCMlm28jY0",
    "relatedId": "lEzzlSbHBS"
  },
  {
    "objectId": "5deeb86a129ec20d34ce419e",
    "owningId": "qCMlm28jY0",
    "relatedId": "x6st6q4nhQ"
  },
  {
    "objectId": "5deeb872129ec20d34ce419f",
    "owningId": "uvRzGTBaqW",
    "relatedId": "cSVWvNYWpP"
  },
  {
    "objectId": "5deeb87b129ec20d34ce41a0",
    "owningId": "mDMzJJXtB2",
    "relatedId": "yOeXjYmr4F"
  },
  {
    "objectId": "5deeb88e129ec20d34ce41a1",
    "owningId": "OWstcXnnAs",
    "relatedId": "EEHPa6Exxp"
  },
  {
    "objectId": "5deeb88e129ec20d34ce41a2",
    "owningId": "OWstcXnnAs",
    "relatedId": "pmCR7yktQO"
  },
  {
    "objectId": "5deeb88e129ec20d34ce41a3",
    "owningId": "OWstcXnnAs",
    "relatedId": "J1AdgQnAd2"
  },
  {
    "objectId": "5deeb8a2129ec20d34ce41a4",
    "owningId": "27DB6uofpp",
    "relatedId": "se7dVwz8up"
  },
  {
    "objectId": "5deeb8ab129ec20d34ce41a5",
    "owningId": "AWnxgoUzw0",
    "relatedId": "5DEBsC7Dut"
  },
  {
    "objectId": "5deeb8bb129ec20d34ce41a6",
    "owningId": "TySeDEiFtc",
    "relatedId": "eoXdhCE8KQ"
  },
  {
    "objectId": "5deeb8bb129ec20d34ce41a7",
    "owningId": "TySeDEiFtc",
    "relatedId": "x6st6q4nhQ"
  },
  {
    "objectId": "5deeb8bb129ec20d34ce41a8",
    "owningId": "TySeDEiFtc",
    "relatedId": "PFN2KTPCJD"
  },
  {
    "objectId": "5deeb8ea129ec20d34ce41a9",
    "owningId": "buIC80yx3R",
    "relatedId": "pVmaY2wpCK"
  },
  {
    "objectId": "5deeb8ea129ec20d34ce41aa",
    "owningId": "buIC80yx3R",
    "relatedId": "eoXdhCE8KQ"
  },
  {
    "objectId": "5deeb8f4129ec20d34ce41ab",
    "owningId": "LHOE9MSsmI",
    "relatedId": "Ldfq46y7kL"
  },
  {
    "objectId": "5deeb90c129ec20d34ce41ad",
    "owningId": "gXKD3sCcJI",
    "relatedId": "UzdT6aXzkD"
  },
  {
    "objectId": "5deeb916129ec20d34ce41ae",
    "owningId": "qEgnSc4sip",
    "relatedId": "qzaMGXqWLD"
  },
  {
    "objectId": "5deeb916129ec20d34ce41af",
    "owningId": "qEgnSc4sip",
    "relatedId": "eoXdhCE8KQ"
  },
  {
    "objectId": "5deeb91e129ec20d34ce41b1",
    "owningId": "zVrvUTYEeC",
    "relatedId": "eoXdhCE8KQ"
  },
  {
    "objectId": "5deeb927129ec20d34ce41b2",
    "owningId": "akNOeSv404",
    "relatedId": "eoXdhCE8KQ"
  },
  {
    "objectId": "5deeb92f129ec20d34ce41b3",
    "owningId": "nj3z9SHzzq",
    "relatedId": "se7dVwz8up"
  },
  {
    "objectId": "5deeb938129ec20d34ce41b4",
    "owningId": "W1DBYJ0DT4",
    "relatedId": "ZFRkdxmDFN"
  },
  {
    "objectId": "5deeb943129ec20d34ce41b5",
    "owningId": "PdgGA5Y5Tt",
    "relatedId": "k8hGSgdlih"
  },
  {
    "objectId": "5deeb943129ec20d34ce41b7",
    "owningId": "PdgGA5Y5Tt",
    "relatedId": "HsJGht1G4p"
  },
  {
    "objectId": "5deeb943129ec20d34ce41b6",
    "owningId": "PdgGA5Y5Tt",
    "relatedId": "hSOPHGgDrA"
  },
  {
    "objectId": "5deeb94f129ec20d34ce41b8",
    "owningId": "lP9UmD2WgK",
    "relatedId": "x6st6q4nhQ"
  },
  {
    "objectId": "5deeb957129ec20d34ce41b9",
    "owningId": "qq2ryXaIYG",
    "relatedId": "ZMvpdyTry1"
  },
  {
    "objectId": "5deeba3a129ec20d34ce41c1",
    "owningId": "5xyA61UG1h",
    "relatedId": "se7dVwz8up"
  },
  {
    "objectId": "5deeba43129ec20d34ce41c2",
    "owningId": "ZvhrzA2APU",
    "relatedId": "AysSbDdzxi"
  },
  {
    "objectId": "5deeba50129ec20d34ce41c4",
    "owningId": "3K9cHA3Xp8",
    "relatedId": "NfPS8eHvXO"
  },
  {
    "objectId": "5deeba50129ec20d34ce41c5",
    "owningId": "3K9cHA3Xp8",
    "relatedId": "Bpxj8sPvDT"
  },
  {
    "objectId": "5deeba50129ec20d34ce41c6",
    "owningId": "3K9cHA3Xp8",
    "relatedId": "6Adequ829O"
  },
  {
    "objectId": "5deeba57129ec20d34ce41c7",
    "owningId": "9l8d95idZG",
    "relatedId": "1UqXfPW3ka"
  },
  {
    "objectId": "5deeba57129ec20d34ce41c8",
    "owningId": "9l8d95idZG",
    "relatedId": "se7dVwz8up"
  },
  {
    "objectId": "5deeba67129ec20d34ce41ca",
    "owningId": "5oTW0cNpxA",
    "relatedId": "weFiDSaYre"
  },
  {
    "objectId": "5deeba67129ec20d34ce41c9",
    "owningId": "5oTW0cNpxA",
    "relatedId": "HFOjjxums1"
  },
  {
    "objectId": "5deeba80129ec20d34ce41cb",
    "owningId": "v9SGqANrU2",
    "relatedId": "HsJGht1G4p"
  },
  {
    "objectId": "5deeba80129ec20d34ce41cc",
    "owningId": "v9SGqANrU2",
    "relatedId": "se7dVwz8up"
  },
  {
    "objectId": "5deeba8a129ec20d34ce41cd",
    "owningId": "mTtBWeeHCo",
    "relatedId": "eoXdhCE8KQ"
  },
  {
    "objectId": "5deeba8a129ec20d34ce41ce",
    "owningId": "mTtBWeeHCo",
    "relatedId": "se7dVwz8up"
  },
  {
    "objectId": "5deebaf4129ec20d34ce41d0",
    "owningId": "Ovzp6Ca4tr",
    "relatedId": "se7dVwz8up"
  },
  {
    "objectId": "5deebb02129ec20d34ce41d2",
    "owningId": "7UlxnC5LyT",
    "relatedId": "tKy0XAieG6"
  },
  {
    "objectId": "5deebb02129ec20d34ce41d1",
    "owningId": "7UlxnC5LyT",
    "relatedId": "fIvGzdCVCm"
  },
  {
    "objectId": "5deebb02129ec20d34ce41d3",
    "owningId": "7UlxnC5LyT",
    "relatedId": "wxMnA03pkw"
  },
  {
    "objectId": "5deebb02129ec20d34ce41d5",
    "owningId": "7UlxnC5LyT",
    "relatedId": "eoXdhCE8KQ"
  },
  {
    "objectId": "5deebb02129ec20d34ce41d4",
    "owningId": "7UlxnC5LyT",
    "relatedId": "FIlA7KVcr9"
  },
  {
    "objectId": "5deebb10129ec20d34ce41d7",
    "owningId": "CAFBhOmYoF",
    "relatedId": "eoXdhCE8KQ"
  },
  {
    "objectId": "5deebb10129ec20d34ce41d6",
    "owningId": "CAFBhOmYoF",
    "relatedId": "8Fnz8a7zm1"
  },
  {
    "objectId": "5deebb1b129ec20d34ce41d9",
    "owningId": "5jipXp430E",
    "relatedId": "FIlA7KVcr9"
  },
  {
    "objectId": "5deebb1b129ec20d34ce41d8",
    "owningId": "5jipXp430E",
    "relatedId": "eoXdhCE8KQ"
  },
  {
    "objectId": "5deebb26129ec20d34ce41dc",
    "owningId": "c2ZdW21DZq",
    "relatedId": "5DJXx4GtNl"
  },
  {
    "objectId": "5deebb26129ec20d34ce41da",
    "owningId": "c2ZdW21DZq",
    "relatedId": "PFN2KTPCJD"
  },
  {
    "objectId": "5deebb26129ec20d34ce41db",
    "owningId": "c2ZdW21DZq",
    "relatedId": "eoXdhCE8KQ"
  },
  {
    "objectId": "5deebc05129ec20d34ce41de",
    "owningId": "egoIFgkxC3",
    "relatedId": "eoXdhCE8KQ"
  },
  {
    "objectId": "5deebc12129ec20d34ce41df",
    "owningId": "2Icy8PIAyj",
    "relatedId": "se7dVwz8up"
  },
  {
    "objectId": "5deebc1a129ec20d34ce41e0",
    "owningId": "dnDRHIFqGe",
    "relatedId": "HsJGht1G4p"
  },
  {
    "objectId": "5deebc2d129ec20d34ce41e1",
    "owningId": "pUFZ2RIIvG",
    "relatedId": "se7dVwz8up"
  },
  {
    "objectId": "5deebc2d129ec20d34ce41e2",
    "owningId": "pUFZ2RIIvG",
    "relatedId": "eoXdhCE8KQ"
  },
  {
    "objectId": "5deebc3d129ec20d34ce41e3",
    "owningId": "jPsWdF78Gn",
    "relatedId": "fy0eBubEhE"
  },
  {
    "objectId": "5deebe73129ec20d34ce41e7",
    "owningId": "R3I0XpBMHj",
    "relatedId": "HsJGht1G4p"
  },
  {
    "objectId": "5deebf2e129ec20d34ce41f0",
    "owningId": "CcOW7twmeX",
    "relatedId": "HsJGht1G4p"
  },
  {
    "objectId": "5deebf3e129ec20d34ce41f1",
    "owningId": "YNRVNxzcFx",
    "relatedId": "HsJGht1G4p"
  },
  {
    "objectId": "5deebf56129ec20d34ce41f2",
    "owningId": "LrFc6CEfje",
    "relatedId": "ZMvpdyTry1"
  },
  {
    "objectId": "5deebf62129ec20d34ce41f3",
    "owningId": "6RJs1GA7WP",
    "relatedId": "lEzzlSbHBS"
  },
  {
    "objectId": "5deebf62129ec20d34ce41f4",
    "owningId": "6RJs1GA7WP",
    "relatedId": "x6st6q4nhQ"
  },
  {
    "objectId": "5deebf62129ec20d34ce41f5",
    "owningId": "6RJs1GA7WP",
    "relatedId": "se7dVwz8up"
  },
  {
    "objectId": "5deebf6b129ec20d34ce41f6",
    "owningId": "8tlFatlW3B",
    "relatedId": "se7dVwz8up"
  },
  {
    "objectId": "5deebf77129ec20d34ce41f8",
    "owningId": "1KRscl4VTZ",
    "relatedId": "b5FolHWiNP"
  },
  {
    "objectId": "5deebf77129ec20d34ce41f7",
    "owningId": "1KRscl4VTZ",
    "relatedId": "HjebF68clq"
  },
  {
    "objectId": "5deebf77129ec20d34ce41f9",
    "owningId": "1KRscl4VTZ",
    "relatedId": "BAJrkCPDeg"
  },
  {
    "objectId": "5deebf86129ec20d34ce41fb",
    "owningId": "FIdcKBVyI3",
    "relatedId": "h4tdE7Eecu"
  },
  {
    "objectId": "5deebf86129ec20d34ce41fc",
    "owningId": "FIdcKBVyI3",
    "relatedId": "FlJDsxriIo"
  },
  {
    "objectId": "5deec091129ec20d34ce4203",
    "owningId": "cXVjaWqsnY",
    "relatedId": "PFN2KTPCJD"
  },
  {
    "objectId": "5deec9ad129ec20d34ce4228",
    "owningId": "DKDsqKRrNW",
    "relatedId": "eoXdhCE8KQ"
  },
  {
    "objectId": "5deec9ad129ec20d34ce4227",
    "owningId": "DKDsqKRrNW",
    "relatedId": "UzdT6aXzkD"
  },
  {
    "objectId": "5deec9b6129ec20d34ce4229",
    "owningId": "3SYcv5XaFE",
    "relatedId": "7jIA1GZN0s"
  },
  {
    "objectId": "5deeca0b129ec20d34ce422b",
    "owningId": "K9EoQTanO6",
    "relatedId": "se7dVwz8up"
  },
  {
    "objectId": "5deeca14129ec20d34ce422d",
    "owningId": "BkDVxFnLbN",
    "relatedId": "HsJGht1G4p"
  },
  {
    "objectId": "5deeca3b129ec20d34ce422e",
    "owningId": "8XKDe93BnC",
    "relatedId": "UzdT6aXzkD"
  },
  {
    "objectId": "5deeca7f129ec20d34ce422f",
    "owningId": "w42L24Frj9",
    "relatedId": "HsJGht1G4p"
  },
  {
    "objectId": "5deeca95129ec20d34ce4230",
    "owningId": "kGAoZ5pH7T",
    "relatedId": "t6SCA2T7WO"
  },
  {
    "objectId": "5deecabf129ec20d34ce4232",
    "owningId": "hFkwjKITta",
    "relatedId": "UzdT6aXzkD"
  },
  {
    "objectId": "5deecad9129ec20d34ce4233",
    "owningId": "cRUrTJH6np",
    "relatedId": "HsJGht1G4p"
  },
  {
    "objectId": "5deecae5129ec20d34ce4235",
    "owningId": "rVI3whtxQX",
    "relatedId": "UzdT6aXzkD"
  },
  {
    "objectId": "5deecae5129ec20d34ce4236",
    "owningId": "rVI3whtxQX",
    "relatedId": "RR6fONDpgy"
  },
  {
    "objectId": "5deecae5129ec20d34ce4234",
    "owningId": "rVI3whtxQX",
    "relatedId": "se7dVwz8up"
  },
  {
    "objectId": "5deecaf2129ec20d34ce4237",
    "owningId": "5Vs8zprtNC",
    "relatedId": "12XEz1GTCk"
  },
  {
    "objectId": "5deecaf2129ec20d34ce423b",
    "owningId": "5Vs8zprtNC",
    "relatedId": "bgh7mrLMh4"
  },
  {
    "objectId": "5deecaf2129ec20d34ce4239",
    "owningId": "5Vs8zprtNC",
    "relatedId": "HsJGht1G4p"
  },
  {
    "objectId": "5deecaf2129ec20d34ce423a",
    "owningId": "5Vs8zprtNC",
    "relatedId": "2MzEUzqPbB"
  },
  {
    "objectId": "5deecaf2129ec20d34ce4238",
    "owningId": "5Vs8zprtNC",
    "relatedId": "kD4s0ZFaaV"
  },
  {
    "objectId": "5deedad2129ec20d34ce42b1",
    "owningId": "RG4CMN42m1",
    "relatedId": "ZRyHALUT2e"
  },
  {
    "objectId": "5deedaeb129ec20d34ce42b2",
    "owningId": "nfHDWPtgDF",
    "relatedId": "cSVWvNYWpP"
  },
  {
    "objectId": "5deedaeb129ec20d34ce42b3",
    "owningId": "nfHDWPtgDF",
    "relatedId": "xrsy7CpGsu"
  },
  {
    "objectId": "5deedbb5129ec20d34ce42b6",
    "owningId": "0iYnsd3adu",
    "relatedId": "wbd26iPQMI"
  },
  {
    "objectId": "5deedbb5129ec20d34ce42b5",
    "owningId": "0iYnsd3adu",
    "relatedId": "se7dVwz8up"
  },
  {
    "objectId": "5deedbb5129ec20d34ce42b7",
    "owningId": "0iYnsd3adu",
    "relatedId": "dQGcyChGr9"
  },
  {
    "objectId": "5deedbb5129ec20d34ce42b8",
    "owningId": "0iYnsd3adu",
    "relatedId": "6QRBSgb9Jn"
  },
  {
    "objectId": "5deedbbc129ec20d34ce42b9",
    "owningId": "xoqwbHS99Z",
    "relatedId": "se7dVwz8up"
  },
  {
    "objectId": "5deedbc4129ec20d34ce42ba",
    "owningId": "Y3YvNEgaqp",
    "relatedId": "se7dVwz8up"
  },
  {
    "objectId": "5deedbd1129ec20d34ce42bb",
    "owningId": "D1Tu0ghkZ3",
    "relatedId": "V6IT4AALmp"
  },
  {
    "objectId": "5deedbd9129ec20d34ce42bc",
    "owningId": "vBQFvgbzPX",
    "relatedId": "eoXdhCE8KQ"
  },
  {
    "objectId": "5deef34e129ec20d34ce4354",
    "owningId": "2aC5hV2kfd",
    "relatedId": "eoXdhCE8KQ"
  },
  {
    "objectId": "5deef359129ec20d34ce4355",
    "owningId": "asMYxtQNZx",
    "relatedId": "se7dVwz8up"
  },
  {
    "objectId": "5def01f7129ec20d34ce438c",
    "owningId": "8DHNNAHDXI",
    "relatedId": "se7dVwz8up"
  },
  {
    "objectId": "5def01ff129ec20d34ce438d",
    "owningId": "J7QoCukbse",
    "relatedId": "6F509AXlOH"
  },
  {
    "objectId": "5def021e129ec20d34ce438e",
    "owningId": "0FjIYpVd8h",
    "relatedId": "eoXdhCE8KQ"
  },
  {
    "objectId": "5def0228129ec20d34ce438f",
    "owningId": "k96wKD7ZpG",
    "relatedId": "se7dVwz8up"
  },
  {
    "objectId": "5def0228129ec20d34ce4390",
    "owningId": "k96wKD7ZpG",
    "relatedId": "eoXdhCE8KQ"
  },
  {
    "objectId": "5def0231129ec20d34ce4391",
    "owningId": "vCIN9WyEHn",
    "relatedId": "se7dVwz8up"
  },
  {
    "objectId": "5def0244129ec20d34ce4392",
    "owningId": "usW9VKCd8N",
    "relatedId": "se7dVwz8up"
  },
  {
    "objectId": "5def024c129ec20d34ce4393",
    "owningId": "S3kieBKF1Q",
    "relatedId": "49LyoMenCL"
  },
  {
    "objectId": "5def0255129ec20d34ce4394",
    "owningId": "DGGLf2Q1tS",
    "relatedId": "se7dVwz8up"
  },
  {
    "objectId": "5def0269129ec20d34ce4396",
    "owningId": "l2E7bFn2O6",
    "relatedId": "pVmaY2wpCK"
  },
  {
    "objectId": "5def0269129ec20d34ce4397",
    "owningId": "l2E7bFn2O6",
    "relatedId": "eoXdhCE8KQ"
  },
  {
    "objectId": "5def0276129ec20d34ce4398",
    "owningId": "j5lw2HxbXZ",
    "relatedId": "eoXdhCE8KQ"
  },
  {
    "objectId": "5def0281129ec20d34ce4399",
    "owningId": "hzdCZRHhIY",
    "relatedId": "HsJGht1G4p"
  },
  {
    "objectId": "5def0281129ec20d34ce439a",
    "owningId": "hzdCZRHhIY",
    "relatedId": "eoXdhCE8KQ"
  },
  {
    "objectId": "5def028c129ec20d34ce439b",
    "owningId": "zuCmaUX1g9",
    "relatedId": "BAJrkCPDeg"
  },
  {
    "objectId": "5def06bd129ec20d34ce43ae",
    "owningId": "SyJ1XgC9NA",
    "relatedId": "se7dVwz8up"
  },
  {
    "objectId": "5def06c5129ec20d34ce43af",
    "owningId": "Rkb0Ji6GtG",
    "relatedId": "HsJGht1G4p"
  },
  {
    "objectId": "5def0764129ec20d34ce43b3",
    "owningId": "E1fDBUFjuu",
    "relatedId": "HsJGht1G4p"
  },
  {
    "objectId": "5def0764129ec20d34ce43b4",
    "owningId": "E1fDBUFjuu",
    "relatedId": "PCnoOymHw8"
  },
  {
    "objectId": "5def0764129ec20d34ce43b5",
    "owningId": "E1fDBUFjuu",
    "relatedId": "se7dVwz8up"
  },
  {
    "objectId": "5def076e129ec20d34ce43b7",
    "owningId": "HhLTUnF1fz",
    "relatedId": "ZMvpdyTry1"
  },
  {
    "objectId": "5def0776129ec20d34ce43b8",
    "owningId": "uyLj6RP9AZ",
    "relatedId": "se7dVwz8up"
  },
  {
    "objectId": "5def0781129ec20d34ce43ba",
    "owningId": "KtRJin3dy9",
    "relatedId": "fy0eBubEhE"
  },
  {
    "objectId": "5def0781129ec20d34ce43b9",
    "owningId": "KtRJin3dy9",
    "relatedId": "se7dVwz8up"
  },
  {
    "objectId": "5def078a129ec20d34ce43bb",
    "owningId": "obivyMu1QI",
    "relatedId": "se7dVwz8up"
  },
  {
    "objectId": "5def078f129ec20d34ce43bc",
    "owningId": "pM1H87l6Bm",
    "relatedId": "HsJGht1G4p"
  },
  {
    "objectId": "5def08f9129ec20d34ce43bf",
    "owningId": "uj5JYO5BE3",
    "relatedId": "J1AdgQnAd2"
  },
  {
    "objectId": "5def0b3f129ec20d34ce43c1",
    "owningId": "QLFfURjWpu",
    "relatedId": "eoXdhCE8KQ"
  },
  {
    "objectId": "5def0b3f129ec20d34ce43c2",
    "owningId": "QLFfURjWpu",
    "relatedId": "451Ea7mQf9"
  },
  {
    "objectId": "5def0b5c129ec20d34ce43c3",
    "owningId": "f5WB3Ij653",
    "relatedId": "2ke04cYykH"
  },
  {
    "objectId": "5def0e0b129ec20d34ce43ce",
    "owningId": "pOykqMaxZB",
    "relatedId": "M4T8QYAXXk"
  },
  {
    "objectId": "5def14a2129ec20d34ce43e2",
    "owningId": "FSUOeNw5vK",
    "relatedId": "se7dVwz8up"
  },
  {
    "objectId": "5def14a2129ec20d34ce43e3",
    "owningId": "FSUOeNw5vK",
    "relatedId": "CoMcB3v0Od"
  },
  {
    "objectId": "5def1594129ec20d34ce43e6",
    "owningId": "4lBFb6Wpq5",
    "relatedId": "UzdT6aXzkD"
  },
  {
    "objectId": "5def1594129ec20d34ce43e7",
    "owningId": "4lBFb6Wpq5",
    "relatedId": "nQl5XsbnPh"
  },
  {
    "objectId": "5def15cc129ec20d34ce43e9",
    "owningId": "AheHxSBPbE",
    "relatedId": "pU9QTXQZAF"
  },
  {
    "objectId": "5def15cc129ec20d34ce43e8",
    "owningId": "AheHxSBPbE",
    "relatedId": "se7dVwz8up"
  },
  {
    "objectId": "5def15d8129ec20d34ce43ea",
    "owningId": "DlHQBjd2Ke",
    "relatedId": "wbd26iPQMI"
  },
  {
    "objectId": "5def15d8129ec20d34ce43eb",
    "owningId": "DlHQBjd2Ke",
    "relatedId": "se7dVwz8up"
  },
  {
    "objectId": "5def2722129ec20d34ce4407",
    "owningId": "WUeznxS4oA",
    "relatedId": "se7dVwz8up"
  },
  {
    "objectId": "5def2728129ec20d34ce4408",
    "owningId": "nvhpnKO5rE",
    "relatedId": "UzdT6aXzkD"
  },
  {
    "objectId": "5def2728129ec20d34ce4409",
    "owningId": "nvhpnKO5rE",
    "relatedId": "abZ54I9O9b"
  },
  {
    "objectId": "5def275b129ec20d34ce440a",
    "owningId": "wv4OCjRaNi",
    "relatedId": "Ghld0PijsN"
  },
  {
    "objectId": "5def28e6129ec20d34ce4410",
    "owningId": "5VTtzmVSWN",
    "relatedId": "Efe27NCUM6"
  },
  {
    "objectId": "5def28f2129ec20d34ce4411",
    "owningId": "hOu7Is3jvO",
    "relatedId": "5DJXx4GtNl"
  },
  {
    "objectId": "5def65f3129ec20d34ce44f2",
    "owningId": "cbmMpY1LjE",
    "relatedId": "eoXdhCE8KQ"
  },
  {
    "objectId": "5def65f3129ec20d34ce44f1",
    "owningId": "cbmMpY1LjE",
    "relatedId": "se7dVwz8up"
  },
  {
    "objectId": "5def65fb129ec20d34ce44f3",
    "owningId": "iRCCJGZ3RJ",
    "relatedId": "se7dVwz8up"
  },
  {
    "objectId": "5def661a129ec20d34ce44f4",
    "owningId": "AVGAFwTSFb",
    "relatedId": "UzdT6aXzkD"
  },
  {
    "objectId": "5def664f129ec20d34ce44f6",
    "owningId": "UN9yBtQstI",
    "relatedId": "GIlGTZEQEh"
  },
  {
    "objectId": "5def6c19129ec20d34ce4504",
    "owningId": "hWGVevpYaK",
    "relatedId": "wxMnA03pkw"
  },
  {
    "objectId": "5def6c19129ec20d34ce4503",
    "owningId": "hWGVevpYaK",
    "relatedId": "se7dVwz8up"
  },
  {
    "objectId": "5def6c48129ec20d34ce4505",
    "owningId": "KoZCNHDS5X",
    "relatedId": "slisuP5zGu"
  },
  {
    "objectId": "5def6c48129ec20d34ce4506",
    "owningId": "KoZCNHDS5X",
    "relatedId": "weFiDSaYre"
  },
  {
    "objectId": "5def6c67129ec20d34ce4507",
    "owningId": "EpBnGVkBLF",
    "relatedId": "HkJvyhIeAI"
  },
  {
    "objectId": "5def6ca0129ec20d34ce4509",
    "owningId": "qCcuxOqgkB",
    "relatedId": "se7dVwz8up"
  },
  {
    "objectId": "5def6cab129ec20d34ce450a",
    "owningId": "SJvwuMEme7",
    "relatedId": "eoXdhCE8KQ"
  },
  {
    "objectId": "5def6cab129ec20d34ce450b",
    "owningId": "SJvwuMEme7",
    "relatedId": "UzdT6aXzkD"
  },
  {
    "objectId": "5def6ccb129ec20d34ce450c",
    "owningId": "wHnODFxZFO",
    "relatedId": "se7dVwz8up"
  },
  {
    "objectId": "5def6cd4129ec20d34ce450d",
    "owningId": "cbUYyXWdUS",
    "relatedId": "M4FM5aJb44"
  },
  {
    "objectId": "5def6cf2129ec20d34ce450e",
    "owningId": "H27W1K2Jx0",
    "relatedId": "M4FM5aJb44"
  },
  {
    "objectId": "5def6d5f129ec20d34ce4510",
    "owningId": "qlkgJorlNV",
    "relatedId": "UzdT6aXzkD"
  },
  {
    "objectId": "5def6d6b129ec20d34ce4511",
    "owningId": "4lgb4MnCu4",
    "relatedId": "se7dVwz8up"
  },
  {
    "objectId": "5def6d75129ec20d34ce4512",
    "owningId": "nRlkwMtWiB",
    "relatedId": "weFiDSaYre"
  },
  {
    "objectId": "5def6d75129ec20d34ce4513",
    "owningId": "nRlkwMtWiB",
    "relatedId": "6PRbcQ6BVm"
  },
  {
    "objectId": "5def6e67129ec20d34ce4515",
    "owningId": "eaNpdUY6IC",
    "relatedId": "3dNM9jB9lw"
  },
  {
    "objectId": "5def6e7a129ec20d34ce4517",
    "owningId": "P2wZxWNxtr",
    "relatedId": "eoXdhCE8KQ"
  },
  {
    "objectId": "5def6e7a129ec20d34ce4516",
    "owningId": "P2wZxWNxtr",
    "relatedId": "UzdT6aXzkD"
  },
  {
    "objectId": "5def6e88129ec20d34ce4518",
    "owningId": "GOaMR5GKXm",
    "relatedId": "se7dVwz8up"
  },
  {
    "objectId": "5def6e91129ec20d34ce4519",
    "owningId": "f83FzMh6Ty",
    "relatedId": "PFN2KTPCJD"
  },
  {
    "objectId": "5def6e9c129ec20d34ce451a",
    "owningId": "9N0Bhm2Ge4",
    "relatedId": "TRI8qOBaGK"
  },
  {
    "objectId": "5def6e9c129ec20d34ce451b",
    "owningId": "9N0Bhm2Ge4",
    "relatedId": "9m1NB4GqvD"
  },
  {
    "objectId": "5def6eb7129ec20d34ce451c",
    "owningId": "ZoFyPeNM5E",
    "relatedId": "se7dVwz8up"
  },
  {
    "objectId": "5def6ec2129ec20d34ce451e",
    "owningId": "fl5yo1HfMR",
    "relatedId": "se7dVwz8up"
  },
  {
    "objectId": "5def6ec2129ec20d34ce451d",
    "owningId": "fl5yo1HfMR",
    "relatedId": "ZBrSpGPoBH"
  },
  {
    "objectId": "5def6ecc129ec20d34ce451f",
    "owningId": "9kbcTFZyKo",
    "relatedId": "QiDPHX7dvb"
  },
  {
    "objectId": "5def6f03129ec20d34ce4522",
    "owningId": "5LNFOuO2Wh",
    "relatedId": "PFN2KTPCJD"
  },
  {
    "objectId": "5def6f03129ec20d34ce4521",
    "owningId": "5LNFOuO2Wh",
    "relatedId": "eoXdhCE8KQ"
  },
  {
    "objectId": "5def6f03129ec20d34ce4523",
    "owningId": "5LNFOuO2Wh",
    "relatedId": "7o2GPfyD6a"
  },
  {
    "objectId": "5def6f48129ec20d34ce4527",
    "owningId": "SRLc1TCwHn",
    "relatedId": "bRBY9V79GR"
  },
  {
    "objectId": "5def6f7f129ec20d34ce4528",
    "owningId": "FgwdDPUXmJ",
    "relatedId": "UzdT6aXzkD"
  },
  {
    "objectId": "5def6f92129ec20d34ce4529",
    "owningId": "Smz1hTRSIU",
    "relatedId": "UzdT6aXzkD"
  },
  {
    "objectId": "5def7027129ec20d34ce452c",
    "owningId": "nE8gX0MFSZ",
    "relatedId": "eoXdhCE8KQ"
  },
  {
    "objectId": "5def702f129ec20d34ce452f",
    "owningId": "bmYANF81hv",
    "relatedId": "3LAT9uDtxP"
  },
  {
    "objectId": "5def704e129ec20d34ce4531",
    "owningId": "wY0pApCtUt",
    "relatedId": "AHxyZ5fVYq"
  },
  {
    "objectId": "5def704e129ec20d34ce4533",
    "owningId": "wY0pApCtUt",
    "relatedId": "J1AdgQnAd2"
  },
  {
    "objectId": "5def704e129ec20d34ce4534",
    "owningId": "wY0pApCtUt",
    "relatedId": "pmCR7yktQO"
  },
  {
    "objectId": "5def704e129ec20d34ce4532",
    "owningId": "wY0pApCtUt",
    "relatedId": "EEHPa6Exxp"
  },
  {
    "objectId": "5def7060129ec20d34ce4537",
    "owningId": "ta7ARILnW0",
    "relatedId": "se7dVwz8up"
  },
  {
    "objectId": "5def7060129ec20d34ce4536",
    "owningId": "ta7ARILnW0",
    "relatedId": "x6st6q4nhQ"
  },
  {
    "objectId": "5def7060129ec20d34ce4538",
    "owningId": "ta7ARILnW0",
    "relatedId": "eoXdhCE8KQ"
  },
  {
    "objectId": "5def706a129ec20d34ce453a",
    "owningId": "09fXl7u3FD",
    "relatedId": "eoXdhCE8KQ"
  },
  {
    "objectId": "5def706a129ec20d34ce4539",
    "owningId": "09fXl7u3FD",
    "relatedId": "wkYWPePXFE"
  },
  {
    "objectId": "5def709c129ec20d34ce453d",
    "owningId": "ZTZhlMFIyJ",
    "relatedId": "se7dVwz8up"
  },
  {
    "objectId": "5def709c129ec20d34ce453c",
    "owningId": "ZTZhlMFIyJ",
    "relatedId": "11JgnOd9oZ"
  },
  {
    "objectId": "5def70a7129ec20d34ce453e",
    "owningId": "dAH4X1RHQb",
    "relatedId": "U8NuhFd1qM"
  },
  {
    "objectId": "5def710b129ec20d34ce453f",
    "owningId": "jreQzrjZx6",
    "relatedId": "eoXdhCE8KQ"
  },
  {
    "objectId": "5def7121129ec20d34ce4540",
    "owningId": "cz9fi68eVU",
    "relatedId": "wXw5kCbXd4"
  },
  {
    "objectId": "5def713b129ec20d34ce4541",
    "owningId": "76H3yHIo7U",
    "relatedId": "XFueSa0960"
  },
  {
    "objectId": "5def7254129ec20d34ce4547",
    "owningId": "larowCNukg",
    "relatedId": "ZMvpdyTry1"
  },
  {
    "objectId": "5def7254129ec20d34ce4548",
    "owningId": "larowCNukg",
    "relatedId": "fy0eBubEhE"
  },
  {
    "objectId": "5def725d129ec20d34ce454a",
    "owningId": "cljDTSxy5A",
    "relatedId": "se7dVwz8up"
  },
  {
    "objectId": "5def725d129ec20d34ce4549",
    "owningId": "cljDTSxy5A",
    "relatedId": "PCnoOymHw8"
  },
  {
    "objectId": "5def7265129ec20d34ce454b",
    "owningId": "zA1OoRvjvL",
    "relatedId": "eoXdhCE8KQ"
  },
  {
    "objectId": "5def726f129ec20d34ce454c",
    "owningId": "1hYnFHML5d",
    "relatedId": "UzdT6aXzkD"
  },
  {
    "objectId": "5def7279129ec20d34ce454d",
    "owningId": "zowYF6xHFj",
    "relatedId": "se7dVwz8up"
  },
  {
    "objectId": "5def7283129ec20d34ce454e",
    "owningId": "HEXUplP1Se",
    "relatedId": "se7dVwz8up"
  },
  {
    "objectId": "5def7283129ec20d34ce454f",
    "owningId": "HEXUplP1Se",
    "relatedId": "HkVdujQY3g"
  },
  {
    "objectId": "5def729b129ec20d34ce4550",
    "owningId": "cxnFBlqeWx",
    "relatedId": "se7dVwz8up"
  },
  {
    "objectId": "5def72c0129ec20d34ce4551",
    "owningId": "ovfuQeRszZ",
    "relatedId": "Z7ua973Ais"
  },
  {
    "objectId": "5def72cd129ec20d34ce4552",
    "owningId": "clpCIxZu1P",
    "relatedId": "7EVo41HTBu"
  },
  {
    "objectId": "5def72cd129ec20d34ce4553",
    "owningId": "clpCIxZu1P",
    "relatedId": "se7dVwz8up"
  },
  {
    "objectId": "5def72db129ec20d34ce4555",
    "owningId": "jbrIeE76hr",
    "relatedId": "HsJGht1G4p"
  },
  {
    "objectId": "5def937b129ec20d34ce4660",
    "owningId": "SHOmq2VQlZ",
    "relatedId": "ZFRkdxmDFN"
  },
  {
    "objectId": "5def93e3129ec20d34ce4663",
    "owningId": "9CVfAKT2WO",
    "relatedId": "ZMvpdyTry1"
  },
  {
    "objectId": "5def93f3129ec20d34ce4664",
    "owningId": "cJ8QXx4aDG",
    "relatedId": "se7dVwz8up"
  },
  {
    "objectId": "5def93f3129ec20d34ce4665",
    "owningId": "cJ8QXx4aDG",
    "relatedId": "FsiTLoPIz8"
  },
  {
    "objectId": "5def9406129ec20d34ce4666",
    "owningId": "7Ewydti2W5",
    "relatedId": "eoXdhCE8KQ"
  },
  {
    "objectId": "5def9414129ec20d34ce4667",
    "owningId": "lpk34LaX1T",
    "relatedId": "eoXdhCE8KQ"
  },
  {
    "objectId": "5def9428129ec20d34ce4668",
    "owningId": "NHfUsjuEP3",
    "relatedId": "se7dVwz8up"
  },
  {
    "objectId": "5def9430129ec20d34ce4669",
    "owningId": "oqts6mjw76",
    "relatedId": "se7dVwz8up"
  },
  {
    "objectId": "5def9a08129ec20d34ce468b",
    "owningId": "sCGe1vsv7x",
    "relatedId": "HsJGht1G4p"
  },
  {
    "objectId": "5def9a4a129ec20d34ce468d",
    "owningId": "9FyUSGZNnf",
    "relatedId": "x6st6q4nhQ"
  },
  {
    "objectId": "5defa3ff129ec20d34ce46d0",
    "owningId": "T6MXJLAUjG",
    "relatedId": "NfPS8eHvXO"
  },
  {
    "objectId": "5defa3ff129ec20d34ce46d1",
    "owningId": "T6MXJLAUjG",
    "relatedId": "6Adequ829O"
  },
  {
    "objectId": "5defa3ff129ec20d34ce46d2",
    "owningId": "T6MXJLAUjG",
    "relatedId": "Bpxj8sPvDT"
  },
  {
    "objectId": "5defa827129ec20d34ce4703",
    "owningId": "uq5oiRuEKm",
    "relatedId": "AHTdGCb95C"
  },
  {
    "objectId": "5defa845129ec20d34ce4705",
    "owningId": "dhD7xYDFi6",
    "relatedId": "JxLAbrPuci"
  },
  {
    "objectId": "5defa845129ec20d34ce4706",
    "owningId": "dhD7xYDFi6",
    "relatedId": "se7dVwz8up"
  },
  {
    "objectId": "5defa84e129ec20d34ce4707",
    "owningId": "QJRUbL4g9z",
    "relatedId": "se7dVwz8up"
  },
  {
    "objectId": "5defa857129ec20d34ce4708",
    "owningId": "2vGNu7Yn7D",
    "relatedId": "RlBkmuTpn5"
  },
  {
    "objectId": "5defa857129ec20d34ce4709",
    "owningId": "2vGNu7Yn7D",
    "relatedId": "se7dVwz8up"
  },
  {
    "objectId": "5defa8a3129ec20d34ce470d",
    "owningId": "ta4EmTNWmu",
    "relatedId": "UzdT6aXzkD"
  },
  {
    "objectId": "5defa8b2129ec20d34ce470e",
    "owningId": "fjNf3u1Mx1",
    "relatedId": "HsJGht1G4p"
  },
  {
    "objectId": "5defac93129ec20d34ce4720",
    "owningId": "8IhgzPlSIn",
    "relatedId": "HsJGht1G4p"
  },
  {
    "objectId": "5defb4f9129ec20d34ce476e",
    "owningId": "Ms1BrT4Gl8",
    "relatedId": "eoXdhCE8KQ"
  },
  {
    "objectId": "5defb509129ec20d34ce476f",
    "owningId": "uonlBdxrxQ",
    "relatedId": "se7dVwz8up"
  },
  {
    "objectId": "5defb51c129ec20d34ce4771",
    "owningId": "pmnzGTREty",
    "relatedId": "se7dVwz8up"
  },
  {
    "objectId": "5defe4a3129ec20d34ce4991",
    "owningId": "YE4pRFqDqA",
    "relatedId": "se7dVwz8up"
  },
  {
    "objectId": "5defe4a3129ec20d34ce4990",
    "owningId": "YE4pRFqDqA",
    "relatedId": "dQGcyChGr9"
  },
  {
    "objectId": "5defe7a0129ec20d34ce49a0",
    "owningId": "bejQecXKxm",
    "relatedId": "uHfydHjFvO"
  },
  {
    "objectId": "5df0026d129ec20d34ce4af2",
    "owningId": "iiFNu3iWEe",
    "relatedId": "eoXdhCE8KQ"
  },
  {
    "objectId": "5df00275129ec20d34ce4af3",
    "owningId": "wo6WYeq2XC",
    "relatedId": "se7dVwz8up"
  },
  {
    "objectId": "5df0027d129ec20d34ce4af4",
    "owningId": "Gk9CYF6qoa",
    "relatedId": "se7dVwz8up"
  },
  {
    "objectId": "5df0027d129ec20d34ce4af5",
    "owningId": "Gk9CYF6qoa",
    "relatedId": "HsJGht1G4p"
  },
  {
    "objectId": "5df0031d129ec20d34ce4b06",
    "owningId": "yP5OXMfgmQ",
    "relatedId": "UzdT6aXzkD"
  },
  {
    "objectId": "5df00490129ec20d34ce4b0e",
    "owningId": "EZzqrmo1am",
    "relatedId": "ZMvpdyTry1"
  },
  {
    "objectId": "5df00a80129ec20d34ce4b1e",
    "owningId": "9r4GHFt1Gt",
    "relatedId": "se7dVwz8up"
  },
  {
    "objectId": "5df00a8d129ec20d34ce4b20",
    "owningId": "4GJnHdhGyv",
    "relatedId": "AHO231EL85"
  },
  {
    "objectId": "5df00a8d129ec20d34ce4b1f",
    "owningId": "4GJnHdhGyv",
    "relatedId": "HsJGht1G4p"
  },
  {
    "objectId": "5df00adb129ec20d34ce4b21",
    "owningId": "fadJTpiTZO",
    "relatedId": "UzdT6aXzkD"
  },
  {
    "objectId": "5df00ae6129ec20d34ce4b22",
    "owningId": "ZRHFFbzHPq",
    "relatedId": "eoXdhCE8KQ"
  },
  {
    "objectId": "5df00af2129ec20d34ce4b24",
    "owningId": "5QOfVVtfWk",
    "relatedId": "3LAT9uDtxP"
  },
  {
    "objectId": "5df03a09129ec20d34ce4dce",
    "owningId": "AqY4dkqJok",
    "relatedId": "EEHPa6Exxp"
  },
  {
    "objectId": "5df03c45129ec20d34ce4dd7",
    "owningId": "vg1c2CxgQ3",
    "relatedId": "weFiDSaYre"
  },
  {
    "objectId": "5df06f5f129ec20d34ce4e88",
    "owningId": "vtGcP4T5wj",
    "relatedId": "se7dVwz8up"
  },
  {
    "objectId": "5df06f5f129ec20d34ce4e8a",
    "owningId": "vtGcP4T5wj",
    "relatedId": "eoXdhCE8KQ"
  },
  {
    "objectId": "5df06f5f129ec20d34ce4e89",
    "owningId": "vtGcP4T5wj",
    "relatedId": "9tx9Dvk8pT"
  },
  {
    "objectId": "5df06f69129ec20d34ce4e8b",
    "owningId": "PqGe1JXHMY",
    "relatedId": "UzdT6aXzkD"
  },
  {
    "objectId": "5df06f9a129ec20d34ce4e8c",
    "owningId": "7LyrWI5wCC",
    "relatedId": "se7dVwz8up"
  },
  {
    "objectId": "5df06fa5129ec20d34ce4e8d",
    "owningId": "vRMloHTZn5",
    "relatedId": "se7dVwz8up"
  },
  {
    "objectId": "5df06fa5129ec20d34ce4e8e",
    "owningId": "vRMloHTZn5",
    "relatedId": "eoXdhCE8KQ"
  },
  {
    "objectId": "5df06fb0129ec20d34ce4e8f",
    "owningId": "uPVdFzQ71M",
    "relatedId": "se7dVwz8up"
  },
  {
    "objectId": "5df06fb0129ec20d34ce4e90",
    "owningId": "uPVdFzQ71M",
    "relatedId": "UzdT6aXzkD"
  },
  {
    "objectId": "5df06fd4129ec20d34ce4e92",
    "owningId": "220UohZbeo",
    "relatedId": "cSVWvNYWpP"
  },
  {
    "objectId": "5df07515129ec20d34ce4e9d",
    "owningId": "AnLxFNCcFS",
    "relatedId": "ZFRkdxmDFN"
  },
  {
    "objectId": "5df07515129ec20d34ce4e9f",
    "owningId": "AnLxFNCcFS",
    "relatedId": "se7dVwz8up"
  },
  {
    "objectId": "5df07515129ec20d34ce4ea0",
    "owningId": "AnLxFNCcFS",
    "relatedId": "fy0eBubEhE"
  },
  {
    "objectId": "5df07515129ec20d34ce4e9e",
    "owningId": "AnLxFNCcFS",
    "relatedId": "TRI8qOBaGK"
  },
  {
    "objectId": "5df0751d129ec20d34ce4ea1",
    "owningId": "S4rLvSxvNl",
    "relatedId": "se7dVwz8up"
  },
  {
    "objectId": "5df07525129ec20d34ce4ea2",
    "owningId": "oQQC8mAbuz",
    "relatedId": "Wc51lCp1vq"
  },
  {
    "objectId": "5df07662129ec20d34ce4ea8",
    "owningId": "HmcygKfUvr",
    "relatedId": "NfPS8eHvXO"
  },
  {
    "objectId": "5df0766a129ec20d34ce4ea9",
    "owningId": "2PuVugMMXs",
    "relatedId": "FlJDsxriIo"
  },
  {
    "objectId": "5df076ce129ec20d34ce4eac",
    "owningId": "xzEkRDMtUU",
    "relatedId": "se7dVwz8up"
  },
  {
    "objectId": "5df076fa129ec20d34ce4ead",
    "owningId": "80T3vlLgy2",
    "relatedId": "5DJXx4GtNl"
  },
  {
    "objectId": "5df07704129ec20d34ce4eae",
    "owningId": "loX389odU1",
    "relatedId": "eoXdhCE8KQ"
  },
  {
    "objectId": "5df07722129ec20d34ce4eaf",
    "owningId": "0ncikAUv2i",
    "relatedId": "UzdT6aXzkD"
  },
  {
    "objectId": "5df07722129ec20d34ce4eb0",
    "owningId": "0ncikAUv2i",
    "relatedId": "c3DlaMze2E"
  },
  {
    "objectId": "5df0773d129ec20d34ce4eb1",
    "owningId": "iNVlDu9rb9",
    "relatedId": "x6st6q4nhQ"
  },
  {
    "objectId": "5df07748129ec20d34ce4eb3",
    "owningId": "ICkEMQPTMM",
    "relatedId": "se7dVwz8up"
  },
  {
    "objectId": "5df07759129ec20d34ce4eb4",
    "owningId": "0fiEmgrqKa",
    "relatedId": "ZMvpdyTry1"
  },
  {
    "objectId": "5df07761129ec20d34ce4eb5",
    "owningId": "neXLLQcOcE",
    "relatedId": "HsJGht1G4p"
  },
  {
    "objectId": "5df07799129ec20d34ce4eb7",
    "owningId": "nc6YPq9LzZ",
    "relatedId": "x6st6q4nhQ"
  },
  {
    "objectId": "5df07799129ec20d34ce4eb8",
    "owningId": "nc6YPq9LzZ",
    "relatedId": "se7dVwz8up"
  },
  {
    "objectId": "5df077a1129ec20d34ce4eb9",
    "owningId": "aCjqJX3che",
    "relatedId": "UzdT6aXzkD"
  },
  {
    "objectId": "5df078eb129ec20d34ce4ebd",
    "owningId": "uVLeKcyCeh",
    "relatedId": "Pb8EM8MKKR"
  },
  {
    "objectId": "5df078eb129ec20d34ce4ebe",
    "owningId": "uVLeKcyCeh",
    "relatedId": "se7dVwz8up"
  },
  {
    "objectId": "5df078f8129ec20d34ce4ebf",
    "owningId": "bzZECrPB6P",
    "relatedId": "se7dVwz8up"
  },
  {
    "objectId": "5df07901129ec20d34ce4ec0",
    "owningId": "8lQ5LYAawJ",
    "relatedId": "UzdT6aXzkD"
  },
  {
    "objectId": "5df07901129ec20d34ce4ec1",
    "owningId": "8lQ5LYAawJ",
    "relatedId": "eoXdhCE8KQ"
  },
  {
    "objectId": "5df07918129ec20d34ce4ec4",
    "owningId": "9yGMMYfLDC",
    "relatedId": "eoXdhCE8KQ"
  },
  {
    "objectId": "5df07920129ec20d34ce4ec5",
    "owningId": "LlF4qcKuXw",
    "relatedId": "eoXdhCE8KQ"
  },
  {
    "objectId": "5df0792d129ec20d34ce4ec6",
    "owningId": "k2lukc4AyV",
    "relatedId": "gp0a5YWMls"
  },
  {
    "objectId": "5df08051129ec20d34ce4edd",
    "owningId": "temdDhXHMy",
    "relatedId": "KMrVeUPY0h"
  },
  {
    "objectId": "5df08051129ec20d34ce4ede",
    "owningId": "temdDhXHMy",
    "relatedId": "weFiDSaYre"
  },
  {
    "objectId": "5df08080129ec20d34ce4edf",
    "owningId": "xxYK5gIxUh",
    "relatedId": "se7dVwz8up"
  },
  {
    "objectId": "5df08088129ec20d34ce4ee0",
    "owningId": "uy6B519CzE",
    "relatedId": "ZMvpdyTry1"
  },
  {
    "objectId": "5df08095129ec20d34ce4ee2",
    "owningId": "qURMHRB5Bh",
    "relatedId": "EIAlY1tQbG"
  },
  {
    "objectId": "5df08095129ec20d34ce4ee1",
    "owningId": "qURMHRB5Bh",
    "relatedId": "weFiDSaYre"
  },
  {
    "objectId": "5df080a5129ec20d34ce4ee5",
    "owningId": "6FCCfIIcf0",
    "relatedId": "UzdT6aXzkD"
  },
  {
    "objectId": "5df0810a129ec20d34ce4ee8",
    "owningId": "jYnYAs4gVv",
    "relatedId": "JmrzO4ZRld"
  },
  {
    "objectId": "5df0810a129ec20d34ce4ee7",
    "owningId": "jYnYAs4gVv",
    "relatedId": "se7dVwz8up"
  },
  {
    "objectId": "5df08113129ec20d34ce4ee9",
    "owningId": "r1dBFhG3I7",
    "relatedId": "HjebF68clq"
  },
  {
    "objectId": "5df09636129ec20d34ce4fdc",
    "owningId": "CseuLCM1Du",
    "relatedId": "se7dVwz8up"
  },
  {
    "objectId": "5df09644129ec20d34ce4fdd",
    "owningId": "R9v6O9hXN8",
    "relatedId": "se7dVwz8up"
  },
  {
    "objectId": "5df0964e129ec20d34ce4fde",
    "owningId": "UnNh8r7cvJ",
    "relatedId": "fy0eBubEhE"
  },
  {
    "objectId": "5df09662129ec20d34ce4fdf",
    "owningId": "UIOtsTw0oX",
    "relatedId": "se7dVwz8up"
  },
  {
    "objectId": "5df09662129ec20d34ce4fe0",
    "owningId": "UIOtsTw0oX",
    "relatedId": "wxMnA03pkw"
  },
  {
    "objectId": "5df097a9129ec20d34ce4feb",
    "owningId": "CzhIuuHOMH",
    "relatedId": "VNZNmx50iH"
  },
  {
    "objectId": "5df0a4f5129ec20d34ce5032",
    "owningId": "VrjHD4Le7A",
    "relatedId": "wxMnA03pkw"
  },
  {
    "objectId": "5df0a4f5129ec20d34ce5033",
    "owningId": "VrjHD4Le7A",
    "relatedId": "se7dVwz8up"
  },
  {
    "objectId": "5df0a554129ec20d34ce503b",
    "owningId": "9noh09Cgce",
    "relatedId": "se7dVwz8up"
  },
  {
    "objectId": "5df0a559129ec20d34ce503c",
    "owningId": "BXkZTl2omc",
    "relatedId": "se7dVwz8up"
  },
  {
    "objectId": "5df195d9129ec20d34ce5761",
    "owningId": "R0GyWd9YXw",
    "relatedId": "HsJGht1G4p"
  },
  {
    "objectId": "5df19638129ec20d34ce57a2",
    "owningId": "E4wHs4HoxE",
    "relatedId": "ssmaOeMzwE"
  },
  {
    "objectId": "5df19638129ec20d34ce57a3",
    "owningId": "E4wHs4HoxE",
    "relatedId": "weFiDSaYre"
  },
  {
    "objectId": "5df196ea129ec20d34ce57a8",
    "owningId": "HkXpCV8aEI",
    "relatedId": "08MWqy1KD3"
  },
  {
    "objectId": "5df196ea129ec20d34ce57a7",
    "owningId": "HkXpCV8aEI",
    "relatedId": "5DJXx4GtNl"
  },
  {
    "objectId": "5df196f2129ec20d34ce57a9",
    "owningId": "SaCgGB3Wn9",
    "relatedId": "se7dVwz8up"
  },
  {
    "objectId": "5df196fc129ec20d34ce57aa",
    "owningId": "RJHFlkiRRU",
    "relatedId": "HsJGht1G4p"
  },
  {
    "objectId": "5df19a6d129ec20d34ce57b3",
    "owningId": "mNiifJ3CK4",
    "relatedId": "se7dVwz8up"
  },
  {
    "objectId": "5df19a77129ec20d34ce57b4",
    "owningId": "qMGd0YmE4G",
    "relatedId": "se7dVwz8up"
  },
  {
    "objectId": "5df19a80129ec20d34ce57b6",
    "owningId": "MFNxWtOZIm",
    "relatedId": "3ODyesmKwk"
  },
  {
    "objectId": "5df1a14e129ec20d34ce57d1",
    "owningId": "z3FhnVKZEk",
    "relatedId": "eoXdhCE8KQ"
  },
  {
    "objectId": "5df1a14e129ec20d34ce57d2",
    "owningId": "z3FhnVKZEk",
    "relatedId": "s7Ta6sjVbR"
  },
  {
    "objectId": "5df1a14e129ec20d34ce57d3",
    "owningId": "z3FhnVKZEk",
    "relatedId": "se7dVwz8up"
  },
  {
    "objectId": "5df1a158129ec20d34ce57d5",
    "owningId": "t6iLvc2Vki",
    "relatedId": "eoXdhCE8KQ"
  },
  {
    "objectId": "5df1a162129ec20d34ce57d7",
    "owningId": "FgCSmJ0kEH",
    "relatedId": "se7dVwz8up"
  },
  {
    "objectId": "5df1a162129ec20d34ce57d6",
    "owningId": "FgCSmJ0kEH",
    "relatedId": "05x6gN0X6P"
  },
  {
    "objectId": "5df1a174129ec20d34ce57d8",
    "owningId": "IAwJVS7NjJ",
    "relatedId": "EEHPa6Exxp"
  },
  {
    "objectId": "5df1a174129ec20d34ce57d9",
    "owningId": "IAwJVS7NjJ",
    "relatedId": "AHxyZ5fVYq"
  },
  {
    "objectId": "5df1a197129ec20d34ce57da",
    "owningId": "9tt1nNL4xu",
    "relatedId": "UzdT6aXzkD"
  },
  {
    "objectId": "5df1a350129ec20d34ce57f1",
    "owningId": "987PhBD5EQ",
    "relatedId": "eoXdhCE8KQ"
  },
  {
    "objectId": "5df1a368129ec20d34ce57f2",
    "owningId": "LQBwxAvUsE",
    "relatedId": "se7dVwz8up"
  },
  {
    "objectId": "5df1a368129ec20d34ce57f3",
    "owningId": "LQBwxAvUsE",
    "relatedId": "ZBrSpGPoBH"
  },
  {
    "objectId": "5df1a368129ec20d34ce57f5",
    "owningId": "LQBwxAvUsE",
    "relatedId": "Pb8EM8MKKR"
  },
  {
    "objectId": "5df1a368129ec20d34ce57f4",
    "owningId": "LQBwxAvUsE",
    "relatedId": "0CX4E2WkS9"
  },
  {
    "objectId": "5df1a368129ec20d34ce57f6",
    "owningId": "LQBwxAvUsE",
    "relatedId": "FsiTLoPIz8"
  },
  {
    "objectId": "5df1a368129ec20d34ce57f8",
    "owningId": "LQBwxAvUsE",
    "relatedId": "2wtPpukLzq"
  },
  {
    "objectId": "5df1a368129ec20d34ce57f7",
    "owningId": "LQBwxAvUsE",
    "relatedId": "8Z590FEAwI"
  },
  {
    "objectId": "5df1a368129ec20d34ce57fa",
    "owningId": "LQBwxAvUsE",
    "relatedId": "1UqXfPW3ka"
  },
  {
    "objectId": "5df1a368129ec20d34ce57fb",
    "owningId": "LQBwxAvUsE",
    "relatedId": "qU55egOYVd"
  },
  {
    "objectId": "5df1a368129ec20d34ce57f9",
    "owningId": "LQBwxAvUsE",
    "relatedId": "Uo0W10Zdgk"
  },
  {
    "objectId": "5df1a718129ec20d34ce580e",
    "owningId": "Hf8Po3Jb1p",
    "relatedId": "se7dVwz8up"
  },
  {
    "objectId": "5df1a745129ec20d34ce5810",
    "owningId": "hvaqvemFp8",
    "relatedId": "h1W8VnqYSd"
  },
  {
    "objectId": "5df1a745129ec20d34ce5812",
    "owningId": "hvaqvemFp8",
    "relatedId": "se7dVwz8up"
  },
  {
    "objectId": "5df1a745129ec20d34ce5811",
    "owningId": "hvaqvemFp8",
    "relatedId": "e76RBPViDd"
  }
]
}