{
"results" : [

  {
    "objectId": "5e4d38fd129ec20d345df739",
    "owningId": "sv7fjDVISU",
    "relatedId": "23VUJanKvu"
  },
  {
    "objectId": "5e4d38fe129ec20d345df73a",
    "owningId": "VqASvLCk8S",
    "relatedId": "d5gpPyFQnk"
  },
  {
    "objectId": "5e4d38ff129ec20d345df73b",
    "owningId": "MEzedNnNVw",
    "relatedId": "rNIUHsoCxl"
  },
  {
    "objectId": "5e4d3900129ec20d345df73c",
    "owningId": "I8RkNYNHa4",
    "relatedId": "Vx3GN75HGH"
  },
  {
    "objectId": "5e4d3900129ec20d345df73d",
    "owningId": "8iGu4upB6j",
    "relatedId": "AB1hd96HSJ"
  },
  {
    "objectId": "5e4d3901129ec20d345df73e",
    "owningId": "8rTBsf4ObQ",
    "relatedId": "PxZ9wygEJL"
  },
  {
    "objectId": "5e4d3902129ec20d345df73f",
    "owningId": "hVs5HyPvID",
    "relatedId": "ypc5UKjSu3"
  },
  {
    "objectId": "5e4d3903129ec20d345df740",
    "owningId": "khAszEtDXl",
    "relatedId": "fFxsyVbhWL"
  },
  {
    "objectId": "5e4d3904129ec20d345df741",
    "owningId": "Fs3xs9NlJa",
    "relatedId": "sZTqmfBffV"
  },
  {
    "objectId": "5e4d3904129ec20d345df742",
    "owningId": "Fs3xs9NlJa",
    "relatedId": "vCwwahFnWa"
  },
  {
    "objectId": "5e4d3904129ec20d345df744",
    "owningId": "Fs3xs9NlJa",
    "relatedId": "nkAQIHq4eB"
  },
  {
    "objectId": "5e4d3904129ec20d345df745",
    "owningId": "Fs3xs9NlJa",
    "relatedId": "i720hjvNNh"
  },
  {
    "objectId": "5e4d3904129ec20d345df743",
    "owningId": "Fs3xs9NlJa",
    "relatedId": "GxmbNDmEug"
  },
  {
    "objectId": "5e4d3904129ec20d345df746",
    "owningId": "Fs3xs9NlJa",
    "relatedId": "6voJhscgax"
  },
  {
    "objectId": "5e4d3904129ec20d345df749",
    "owningId": "Fs3xs9NlJa",
    "relatedId": "STtBsYd25K"
  },
  {
    "objectId": "5e4d3904129ec20d345df74a",
    "owningId": "Fs3xs9NlJa",
    "relatedId": "ZcueL50BtJ"
  },
  {
    "objectId": "5e4d3904129ec20d345df747",
    "owningId": "Fs3xs9NlJa",
    "relatedId": "QB0fQ2gwHl"
  },
  {
    "objectId": "5e4d3904129ec20d345df748",
    "owningId": "Fs3xs9NlJa",
    "relatedId": "bOYmQn9Kuf"
  },
  {
    "objectId": "5e4d3905129ec20d345df74d",
    "owningId": "emj7gm2L4O",
    "relatedId": "fMnvMlikvd"
  },
  {
    "objectId": "5e4d3905129ec20d345df74b",
    "owningId": "emj7gm2L4O",
    "relatedId": "pgDqLh6NCD"
  },
  {
    "objectId": "5e4d3905129ec20d345df752",
    "owningId": "emj7gm2L4O",
    "relatedId": "FTgIoQSfCS"
  },
  {
    "objectId": "5e4d3905129ec20d345df74c",
    "owningId": "emj7gm2L4O",
    "relatedId": "mgSk9lDVQy"
  },
  {
    "objectId": "5e4d3905129ec20d345df74e",
    "owningId": "emj7gm2L4O",
    "relatedId": "wTDw4sXsYr"
  },
  {
    "objectId": "5e4d3905129ec20d345df74f",
    "owningId": "emj7gm2L4O",
    "relatedId": "FpYRQZcRwO"
  },
  {
    "objectId": "5e4d3905129ec20d345df750",
    "owningId": "emj7gm2L4O",
    "relatedId": "0NvM4HVWnq"
  },
  {
    "objectId": "5e4d3905129ec20d345df755",
    "owningId": "emj7gm2L4O",
    "relatedId": "TGx0ELJbTQ"
  },
  {
    "objectId": "5e4d3905129ec20d345df756",
    "owningId": "emj7gm2L4O",
    "relatedId": "MWV3rCEclC"
  },
  {
    "objectId": "5e4d3905129ec20d345df753",
    "owningId": "emj7gm2L4O",
    "relatedId": "vNcV15WF7f"
  },
  {
    "objectId": "5e4d3905129ec20d345df751",
    "owningId": "emj7gm2L4O",
    "relatedId": "9IgyS3CP5V"
  },
  {
    "objectId": "5e4d3905129ec20d345df754",
    "owningId": "emj7gm2L4O",
    "relatedId": "6pZw0srPHC"
  },
  {
    "objectId": "5e4d3906129ec20d345df757",
    "owningId": "s6ejWUPV5j",
    "relatedId": "TDBdtwFE3U"
  },
  {
    "objectId": "5e4d3906129ec20d345df758",
    "owningId": "sbCG0KlS9w",
    "relatedId": "ScR0Uf4r7M"
  },
  {
    "objectId": "5e4d3907129ec20d345df75c",
    "owningId": "8lauBzPLI5",
    "relatedId": "AsQ7pkAiuY"
  },
  {
    "objectId": "5e4d3907129ec20d345df75f",
    "owningId": "8lauBzPLI5",
    "relatedId": "wxLWydZ1bu"
  },
  {
    "objectId": "5e4d3907129ec20d345df75a",
    "owningId": "8lauBzPLI5",
    "relatedId": "MoYDZui1Pn"
  },
  {
    "objectId": "5e4d3907129ec20d345df75b",
    "owningId": "8lauBzPLI5",
    "relatedId": "6lBZfasUqS"
  },
  {
    "objectId": "5e4d3907129ec20d345df759",
    "owningId": "8lauBzPLI5",
    "relatedId": "rySqB0zJZ2"
  },
  {
    "objectId": "5e4d3907129ec20d345df75d",
    "owningId": "8lauBzPLI5",
    "relatedId": "UnaXjrz5Is"
  },
  {
    "objectId": "5e4d3907129ec20d345df75e",
    "owningId": "8lauBzPLI5",
    "relatedId": "jXGhrJVEdA"
  },
  {
    "objectId": "5e4d3907129ec20d345df760",
    "owningId": "8lauBzPLI5",
    "relatedId": "2hAEuQH4ij"
  },
  {
    "objectId": "5e4d3907129ec20d345df763",
    "owningId": "8lauBzPLI5",
    "relatedId": "ijwmtBGJFV"
  },
  {
    "objectId": "5e4d3907129ec20d345df762",
    "owningId": "8lauBzPLI5",
    "relatedId": "pwh9BRDIq6"
  },
  {
    "objectId": "5e4d3907129ec20d345df765",
    "owningId": "8lauBzPLI5",
    "relatedId": "W9fN0Kbrup"
  },
  {
    "objectId": "5e4d3907129ec20d345df761",
    "owningId": "8lauBzPLI5",
    "relatedId": "HeGMFkZgts"
  },
  {
    "objectId": "5e4d3907129ec20d345df764",
    "owningId": "8lauBzPLI5",
    "relatedId": "SpdFuX1a9f"
  },
  {
    "objectId": "5e4d3908129ec20d345df766",
    "owningId": "qCMlm28jY0",
    "relatedId": "g3Ds2IHHds"
  },
  {
    "objectId": "5e4d3909129ec20d345df767",
    "owningId": "uvRzGTBaqW",
    "relatedId": "BmWV16Lz8X"
  },
  {
    "objectId": "5e4d3909129ec20d345df768",
    "owningId": "mDMzJJXtB2",
    "relatedId": "yEw1gaxGbU"
  },
  {
    "objectId": "5e4d390a129ec20d345df769",
    "owningId": "OWstcXnnAs",
    "relatedId": "9BoAEYG0jt"
  },
  {
    "objectId": "5e4d390b129ec20d345df76a",
    "owningId": "27DB6uofpp",
    "relatedId": "7UTTmvuBpI"
  },
  {
    "objectId": "5e4d390c129ec20d345df76b",
    "owningId": "AWnxgoUzw0",
    "relatedId": "rBUAet8wt6"
  },
  {
    "objectId": "5e4d390d129ec20d345df76c",
    "owningId": "TySeDEiFtc",
    "relatedId": "1dglAC43xq"
  },
  {
    "objectId": "5e4d390e129ec20d345df76d",
    "owningId": "buIC80yx3R",
    "relatedId": "G9nVDopTls"
  },
  {
    "objectId": "5e4d390f129ec20d345df76e",
    "owningId": "LHOE9MSsmI",
    "relatedId": "yjPZWFHj5L"
  },
  {
    "objectId": "5e4d390f129ec20d345df76f",
    "owningId": "gXKD3sCcJI",
    "relatedId": "xyTCRZR65e"
  },
  {
    "objectId": "5e4d3910129ec20d345df770",
    "owningId": "qEgnSc4sip",
    "relatedId": "gDuq17M3jb"
  },
  {
    "objectId": "5e4d3911129ec20d345df771",
    "owningId": "zVrvUTYEeC",
    "relatedId": "Nt4Y00eT5O"
  },
  {
    "objectId": "5e4d3912129ec20d345df772",
    "owningId": "akNOeSv404",
    "relatedId": "EKlxr5s4DN"
  },
  {
    "objectId": "5e4d3913129ec20d345df773",
    "owningId": "nj3z9SHzzq",
    "relatedId": "VOfNDSj2Si"
  },
  {
    "objectId": "5e4d3914129ec20d345df774",
    "owningId": "W1DBYJ0DT4",
    "relatedId": "y8eBojt4Oa"
  },
  {
    "objectId": "5e4d3914129ec20d345df775",
    "owningId": "PdgGA5Y5Tt",
    "relatedId": "4akoQdSGVp"
  },
  {
    "objectId": "5e4d3915129ec20d345df776",
    "owningId": "lP9UmD2WgK",
    "relatedId": "DbsGYlDLTo"
  },
  {
    "objectId": "5e4d3916129ec20d345df777",
    "owningId": "qq2ryXaIYG",
    "relatedId": "fXGALj718h"
  },
  {
    "objectId": "5e4d3916129ec20d345df778",
    "owningId": "qq2ryXaIYG",
    "relatedId": "EtPnBmML7o"
  },
  {
    "objectId": "5e4d3916129ec20d345df779",
    "owningId": "qq2ryXaIYG",
    "relatedId": "1sQLwCJpE8"
  },
  {
    "objectId": "5e4d3916129ec20d345df77a",
    "owningId": "qq2ryXaIYG",
    "relatedId": "a8PcSM1D4e"
  },
  {
    "objectId": "5e4d3916129ec20d345df77b",
    "owningId": "qq2ryXaIYG",
    "relatedId": "EpTMAAzlPM"
  },
  {
    "objectId": "5e4d3916129ec20d345df77d",
    "owningId": "qq2ryXaIYG",
    "relatedId": "D3neAwwtXR"
  },
  {
    "objectId": "5e4d3916129ec20d345df77e",
    "owningId": "qq2ryXaIYG",
    "relatedId": "3ILZtGrR08"
  },
  {
    "objectId": "5e4d3916129ec20d345df77c",
    "owningId": "qq2ryXaIYG",
    "relatedId": "QZIu9dK38h"
  },
  {
    "objectId": "5e4d3916129ec20d345df785",
    "owningId": "qq2ryXaIYG",
    "relatedId": "uhPXeGTpUB"
  },
  {
    "objectId": "5e4d3916129ec20d345df782",
    "owningId": "qq2ryXaIYG",
    "relatedId": "5fZHeldE2g"
  },
  {
    "objectId": "5e4d3916129ec20d345df784",
    "owningId": "qq2ryXaIYG",
    "relatedId": "Zmjx4afRLH"
  },
  {
    "objectId": "5e4d3916129ec20d345df786",
    "owningId": "qq2ryXaIYG",
    "relatedId": "rxTHOxhX29"
  },
  {
    "objectId": "5e4d3916129ec20d345df781",
    "owningId": "qq2ryXaIYG",
    "relatedId": "bWECKKdkv1"
  },
  {
    "objectId": "5e4d3916129ec20d345df77f",
    "owningId": "qq2ryXaIYG",
    "relatedId": "5JGZECQYwi"
  },
  {
    "objectId": "5e4d3916129ec20d345df780",
    "owningId": "qq2ryXaIYG",
    "relatedId": "OJGqpAkly3"
  },
  {
    "objectId": "5e4d3916129ec20d345df783",
    "owningId": "qq2ryXaIYG",
    "relatedId": "fozRpyOlsw"
  },
  {
    "objectId": "5e4d3917129ec20d345df787",
    "owningId": "5xyA61UG1h",
    "relatedId": "sL9aCcSBhb"
  },
  {
    "objectId": "5e4d3918129ec20d345df788",
    "owningId": "ZvhrzA2APU",
    "relatedId": "bly7aUdpPv"
  },
  {
    "objectId": "5e4d3919129ec20d345df78a",
    "owningId": "9l8d95idZG",
    "relatedId": "4rQq4VtCVM"
  },
  {
    "objectId": "5e4d391a129ec20d345df78b",
    "owningId": "5oTW0cNpxA",
    "relatedId": "LDM4bW7Cl7"
  },
  {
    "objectId": "5e4d391b129ec20d345df78c",
    "owningId": "v9SGqANrU2",
    "relatedId": "vF58C7GxNV"
  },
  {
    "objectId": "5e4d391c129ec20d345df790",
    "owningId": "mTtBWeeHCo",
    "relatedId": "I2EwRmOfaQ"
  },
  {
    "objectId": "5e4d391c129ec20d345df794",
    "owningId": "mTtBWeeHCo",
    "relatedId": "v9hXFuK1xC"
  },
  {
    "objectId": "5e4d391c129ec20d345df78d",
    "owningId": "mTtBWeeHCo",
    "relatedId": "aNpb4Z4cYd"
  },
  {
    "objectId": "5e4d391c129ec20d345df78f",
    "owningId": "mTtBWeeHCo",
    "relatedId": "wuitzju1e9"
  },
  {
    "objectId": "5e4d391c129ec20d345df78e",
    "owningId": "mTtBWeeHCo",
    "relatedId": "NkMNCWPGsI"
  },
  {
    "objectId": "5e4d391c129ec20d345df79a",
    "owningId": "mTtBWeeHCo",
    "relatedId": "6BcBRAi5Zw"
  },
  {
    "objectId": "5e4d391c129ec20d345df796",
    "owningId": "mTtBWeeHCo",
    "relatedId": "L0RcUJwHOF"
  },
  {
    "objectId": "5e4d391c129ec20d345df79c",
    "owningId": "mTtBWeeHCo",
    "relatedId": "WXH8voW48c"
  },
  {
    "objectId": "5e4d391c129ec20d345df791",
    "owningId": "mTtBWeeHCo",
    "relatedId": "hGOy934kLq"
  },
  {
    "objectId": "5e4d391c129ec20d345df795",
    "owningId": "mTtBWeeHCo",
    "relatedId": "4COiAVuBoa"
  },
  {
    "objectId": "5e4d391c129ec20d345df792",
    "owningId": "mTtBWeeHCo",
    "relatedId": "S5qWb8smGm"
  },
  {
    "objectId": "5e4d391c129ec20d345df799",
    "owningId": "mTtBWeeHCo",
    "relatedId": "xhDYC4qj0j"
  },
  {
    "objectId": "5e4d391c129ec20d345df79b",
    "owningId": "mTtBWeeHCo",
    "relatedId": "SzGyjp5EG4"
  },
  {
    "objectId": "5e4d391c129ec20d345df793",
    "owningId": "mTtBWeeHCo",
    "relatedId": "nZ3jw3gEQI"
  },
  {
    "objectId": "5e4d391c129ec20d345df798",
    "owningId": "mTtBWeeHCo",
    "relatedId": "BMt9lvEUIs"
  },
  {
    "objectId": "5e4d391c129ec20d345df797",
    "owningId": "mTtBWeeHCo",
    "relatedId": "r5OdYW1hUR"
  },
  {
    "objectId": "5e4d391c129ec20d345df79e",
    "owningId": "mTtBWeeHCo",
    "relatedId": "FJylazJBiZ"
  },
  {
    "objectId": "5e4d391c129ec20d345df7a4",
    "owningId": "mTtBWeeHCo",
    "relatedId": "UcJqsE8yFh"
  },
  {
    "objectId": "5e4d391c129ec20d345df7a0",
    "owningId": "mTtBWeeHCo",
    "relatedId": "hgcFuaZy9s"
  },
  {
    "objectId": "5e4d391c129ec20d345df79f",
    "owningId": "mTtBWeeHCo",
    "relatedId": "V9BteXS9Pj"
  },
  {
    "objectId": "5e4d391c129ec20d345df79d",
    "owningId": "mTtBWeeHCo",
    "relatedId": "yPCuQ7IKWH"
  },
  {
    "objectId": "5e4d391c129ec20d345df7a5",
    "owningId": "mTtBWeeHCo",
    "relatedId": "tEMYaIuILq"
  },
  {
    "objectId": "5e4d391c129ec20d345df7a3",
    "owningId": "mTtBWeeHCo",
    "relatedId": "DNIsWgyFSW"
  },
  {
    "objectId": "5e4d391c129ec20d345df7a1",
    "owningId": "mTtBWeeHCo",
    "relatedId": "5PhK1nFOsa"
  },
  {
    "objectId": "5e4d391c129ec20d345df7a6",
    "owningId": "mTtBWeeHCo",
    "relatedId": "puN2ExN9DD"
  },
  {
    "objectId": "5e4d391c129ec20d345df7a7",
    "owningId": "mTtBWeeHCo",
    "relatedId": "BlYQs3KxHe"
  },
  {
    "objectId": "5e4d391c129ec20d345df7a2",
    "owningId": "mTtBWeeHCo",
    "relatedId": "iGaNt5XuSu"
  },
  {
    "objectId": "5e4d391c129ec20d345df7a8",
    "owningId": "mTtBWeeHCo",
    "relatedId": "6EjeFHSX8Z"
  },
  {
    "objectId": "5e4d391d129ec20d345df7a9",
    "owningId": "Ovzp6Ca4tr",
    "relatedId": "IJbx5gUoKn"
  },
  {
    "objectId": "5e4d391e129ec20d345df7ab",
    "owningId": "7UlxnC5LyT",
    "relatedId": "YMrjdiGBKm"
  },
  {
    "objectId": "5e4d391e129ec20d345df7aa",
    "owningId": "7UlxnC5LyT",
    "relatedId": "ZcDtlZeBJD"
  },
  {
    "objectId": "5e4d391e129ec20d345df7ac",
    "owningId": "CAFBhOmYoF",
    "relatedId": "VRyv3J0jPk"
  },
  {
    "objectId": "5e4d391f129ec20d345df7ad",
    "owningId": "5jipXp430E",
    "relatedId": "4Lz6iAijhp"
  },
  {
    "objectId": "5e4d3920129ec20d345df7ae",
    "owningId": "c2ZdW21DZq",
    "relatedId": "xPLXeJzXts"
  },
  {
    "objectId": "5e4d3921129ec20d345df7af",
    "owningId": "egoIFgkxC3",
    "relatedId": "aayofaF3N7"
  },
  {
    "objectId": "5e4d3922129ec20d345df7b0",
    "owningId": "2Icy8PIAyj",
    "relatedId": "hKgQcodLHH"
  },
  {
    "objectId": "5e4d3922129ec20d345df7b2",
    "owningId": "dnDRHIFqGe",
    "relatedId": "4xb3NbJQd6"
  },
  {
    "objectId": "5e4d3922129ec20d345df7b1",
    "owningId": "dnDRHIFqGe",
    "relatedId": "o5ltzKyprB"
  },
  {
    "objectId": "5e4d3922129ec20d345df7b3",
    "owningId": "dnDRHIFqGe",
    "relatedId": "kaL7vHK6Fl"
  },
  {
    "objectId": "5e4d3923129ec20d345df7b4",
    "owningId": "pUFZ2RIIvG",
    "relatedId": "v3B4Uu2dvl"
  },
  {
    "objectId": "5e4d3924129ec20d345df7b5",
    "owningId": "jPsWdF78Gn",
    "relatedId": "3EGf6BTByV"
  },
  {
    "objectId": "5e4d3924129ec20d345df7b6",
    "owningId": "jPsWdF78Gn",
    "relatedId": "VfMyGtBiac"
  },
  {
    "objectId": "5e4d3925129ec20d345df7b7",
    "owningId": "R3I0XpBMHj",
    "relatedId": "HMZ9UIqdfY"
  },
  {
    "objectId": "5e4d3926129ec20d345df7b8",
    "owningId": "CcOW7twmeX",
    "relatedId": "vWHWVgE0Pa"
  },
  {
    "objectId": "5e4d3926129ec20d345df7b9",
    "owningId": "YNRVNxzcFx",
    "relatedId": "w95wFXlupa"
  },
  {
    "objectId": "5e4d3927129ec20d345df7ba",
    "owningId": "LrFc6CEfje",
    "relatedId": "70ZDtvFZ5O"
  },
  {
    "objectId": "5e4d3928129ec20d345df7bb",
    "owningId": "6RJs1GA7WP",
    "relatedId": "mS4xMBiZdZ"
  },
  {
    "objectId": "5e4d3929129ec20d345df7bc",
    "owningId": "8tlFatlW3B",
    "relatedId": "uR6lvDu9K1"
  },
  {
    "objectId": "5e4d392a129ec20d345df7be",
    "owningId": "1KRscl4VTZ",
    "relatedId": "PcW2Bc5mRh"
  },
  {
    "objectId": "5e4d392a129ec20d345df7bd",
    "owningId": "1KRscl4VTZ",
    "relatedId": "R8jTbBzWJO"
  },
  {
    "objectId": "5e4d392b129ec20d345df7bf",
    "owningId": "FIdcKBVyI3",
    "relatedId": "YP31f4ADoi"
  },
  {
    "objectId": "5e4d392b129ec20d345df7c0",
    "owningId": "cXVjaWqsnY",
    "relatedId": "eVlno8tXiC"
  },
  {
    "objectId": "5e4d392b129ec20d345df7c1",
    "owningId": "cXVjaWqsnY",
    "relatedId": "kgWEEPHlMh"
  },
  {
    "objectId": "5e4d392c129ec20d345df7c2",
    "owningId": "DKDsqKRrNW",
    "relatedId": "YL0fEpBhVh"
  },
  {
    "objectId": "5e4d392d129ec20d345df7c3",
    "owningId": "3SYcv5XaFE",
    "relatedId": "A7rLAzuL8e"
  },
  {
    "objectId": "5e4d392e129ec20d345df7c4",
    "owningId": "K9EoQTanO6",
    "relatedId": "ANCofEIYIb"
  },
  {
    "objectId": "5e4d392f129ec20d345df7c5",
    "owningId": "BkDVxFnLbN",
    "relatedId": "rhDdrYVfgA"
  },
  {
    "objectId": "5e4d3930129ec20d345df7c6",
    "owningId": "8XKDe93BnC",
    "relatedId": "wzvv5nXmGp"
  },
  {
    "objectId": "5e4d3931129ec20d345df7c8",
    "owningId": "w42L24Frj9",
    "relatedId": "C59cIiN2Mo"
  },
  {
    "objectId": "5e4d3931129ec20d345df7c7",
    "owningId": "w42L24Frj9",
    "relatedId": "g0cvx9FIHG"
  },
  {
    "objectId": "5e4d3931129ec20d345df7c9",
    "owningId": "kGAoZ5pH7T",
    "relatedId": "JEaXxKLw3U"
  },
  {
    "objectId": "5e4d3932129ec20d345df7ca",
    "owningId": "hFkwjKITta",
    "relatedId": "0gjoZfSTcq"
  },
  {
    "objectId": "5e4d3933129ec20d345df7cb",
    "owningId": "cRUrTJH6np",
    "relatedId": "9gq0BNRegR"
  },
  {
    "objectId": "5e4d3934129ec20d345df7cc",
    "owningId": "rVI3whtxQX",
    "relatedId": "VKHcJGqQHW"
  },
  {
    "objectId": "5e4d3934129ec20d345df7cd",
    "owningId": "5Vs8zprtNC",
    "relatedId": "M60R1MF4MD"
  },
  {
    "objectId": "5e4d3934129ec20d345df7cf",
    "owningId": "5Vs8zprtNC",
    "relatedId": "EiHA6M5KuD"
  },
  {
    "objectId": "5e4d3934129ec20d345df7ce",
    "owningId": "5Vs8zprtNC",
    "relatedId": "wqxIR2Ee03"
  },
  {
    "objectId": "5e4d3935129ec20d345df7d0",
    "owningId": "RG4CMN42m1",
    "relatedId": "xFOa2n1l5K"
  },
  {
    "objectId": "5e4d3936129ec20d345df7d1",
    "owningId": "nfHDWPtgDF",
    "relatedId": "SqhKPZnh8U"
  },
  {
    "objectId": "5e4d3937129ec20d345df7d2",
    "owningId": "0iYnsd3adu",
    "relatedId": "lng445KEY6"
  },
  {
    "objectId": "5e4d3937129ec20d345df7d3",
    "owningId": "xoqwbHS99Z",
    "relatedId": "1Dfp3BwHeS"
  },
  {
    "objectId": "5e4d3938129ec20d345df7d6",
    "owningId": "Y3YvNEgaqp",
    "relatedId": "1SX1ZZFEh5"
  },
  {
    "objectId": "5e4d3938129ec20d345df7d5",
    "owningId": "Y3YvNEgaqp",
    "relatedId": "DIvy4TxPE8"
  },
  {
    "objectId": "5e4d3938129ec20d345df7d4",
    "owningId": "Y3YvNEgaqp",
    "relatedId": "y0hXl8NQHD"
  },
  {
    "objectId": "5e4d3939129ec20d345df7d7",
    "owningId": "D1Tu0ghkZ3",
    "relatedId": "R3dEFC7PGp"
  },
  {
    "objectId": "5e4d393a129ec20d345df7d8",
    "owningId": "vBQFvgbzPX",
    "relatedId": "uuzCIGK1Nz"
  },
  {
    "objectId": "5e4d393b129ec20d345df7d9",
    "owningId": "2aC5hV2kfd",
    "relatedId": "eL8DQAHjQM"
  },
  {
    "objectId": "5e4d393c129ec20d345df7da",
    "owningId": "asMYxtQNZx",
    "relatedId": "NFbFY8eZM0"
  },
  {
    "objectId": "5e4d393c129ec20d345df7db",
    "owningId": "8DHNNAHDXI",
    "relatedId": "VYkty8kRzD"
  },
  {
    "objectId": "5e4d393d129ec20d345df7dc",
    "owningId": "J7QoCukbse",
    "relatedId": "o7LYw36erS"
  },
  {
    "objectId": "5e4d393e129ec20d345df7dd",
    "owningId": "0FjIYpVd8h",
    "relatedId": "eOpjmA7DPg"
  },
  {
    "objectId": "5e4d393f129ec20d345df7de",
    "owningId": "k96wKD7ZpG",
    "relatedId": "ORBBJLB8kY"
  },
  {
    "objectId": "5e4d393f129ec20d345df7df",
    "owningId": "vCIN9WyEHn",
    "relatedId": "libwQgETPN"
  },
  {
    "objectId": "5e4d3940129ec20d345df7e0",
    "owningId": "usW9VKCd8N",
    "relatedId": "dPrmSL5eXs"
  },
  {
    "objectId": "5e4d3941129ec20d345df7e2",
    "owningId": "S3kieBKF1Q",
    "relatedId": "KmDIzpFEF5"
  },
  {
    "objectId": "5e4d3941129ec20d345df7e1",
    "owningId": "S3kieBKF1Q",
    "relatedId": "tGGfB6KVZY"
  },
  {
    "objectId": "5e4d3941129ec20d345df7e3",
    "owningId": "S3kieBKF1Q",
    "relatedId": "qFTdJKvNOD"
  },
  {
    "objectId": "5e4d3941129ec20d345df7e4",
    "owningId": "S3kieBKF1Q",
    "relatedId": "hHBatyB0UT"
  },
  {
    "objectId": "5e4d3942129ec20d345df7e5",
    "owningId": "DGGLf2Q1tS",
    "relatedId": "0v1BB9LyVz"
  },
  {
    "objectId": "5e4d3943129ec20d345df7e6",
    "owningId": "l2E7bFn2O6",
    "relatedId": "GJO7VFCjj3"
  },
  {
    "objectId": "5e4d3943129ec20d345df7e7",
    "owningId": "j5lw2HxbXZ",
    "relatedId": "DbQrVqe686"
  },
  {
    "objectId": "5e4d3944129ec20d345df7e8",
    "owningId": "hzdCZRHhIY",
    "relatedId": "wyAAeLJg8q"
  },
  {
    "objectId": "5e4d3945129ec20d345df7e9",
    "owningId": "zuCmaUX1g9",
    "relatedId": "ZugcjEjckn"
  },
  {
    "objectId": "5e4d3946129ec20d345df7ea",
    "owningId": "SyJ1XgC9NA",
    "relatedId": "xwqx6r6L9p"
  },
  {
    "objectId": "5e4d3947129ec20d345df7eb",
    "owningId": "Rkb0Ji6GtG",
    "relatedId": "RvAISNThXk"
  },
  {
    "objectId": "5e4d3948129ec20d345df7ec",
    "owningId": "E1fDBUFjuu",
    "relatedId": "LTXHU6B5qL"
  },
  {
    "objectId": "5e4d3949129ec20d345df7ed",
    "owningId": "HhLTUnF1fz",
    "relatedId": "bgQ8kzQlKV"
  },
  {
    "objectId": "5e4d394a129ec20d345df7ee",
    "owningId": "uyLj6RP9AZ",
    "relatedId": "i7IYVAUTy4"
  },
  {
    "objectId": "5e4d394b129ec20d345df7ef",
    "owningId": "KtRJin3dy9",
    "relatedId": "pedQEJRb2K"
  },
  {
    "objectId": "5e4d394c129ec20d345df7f0",
    "owningId": "pM1H87l6Bm",
    "relatedId": "gAqJIxCSRj"
  },
  {
    "objectId": "5e4d394d129ec20d345df7f1",
    "owningId": "uj5JYO5BE3",
    "relatedId": "5VuC78ZqXM"
  },
  {
    "objectId": "5e4d394e129ec20d345df7f2",
    "owningId": "QLFfURjWpu",
    "relatedId": "JI8JFdo692"
  },
  {
    "objectId": "5e4d394f129ec20d345df7f3",
    "owningId": "f5WB3Ij653",
    "relatedId": "7CURFM4wXV"
  },
  {
    "objectId": "5e4d394f129ec20d345df7f4",
    "owningId": "pOykqMaxZB",
    "relatedId": "PUAPyJQmV7"
  },
  {
    "objectId": "5e4d394f129ec20d345df7f7",
    "owningId": "pOykqMaxZB",
    "relatedId": "qYx3htAbm1"
  },
  {
    "objectId": "5e4d394f129ec20d345df7f6",
    "owningId": "pOykqMaxZB",
    "relatedId": "L7GdsbSd0b"
  },
  {
    "objectId": "5e4d394f129ec20d345df7f5",
    "owningId": "pOykqMaxZB",
    "relatedId": "4EWKHV6WQi"
  },
  {
    "objectId": "5e4d3950129ec20d345df7f8",
    "owningId": "FSUOeNw5vK",
    "relatedId": "upbcV9PGXj"
  },
  {
    "objectId": "5e4d3951129ec20d345df7f9",
    "owningId": "4lBFb6Wpq5",
    "relatedId": "ZCrrYHdReX"
  },
  {
    "objectId": "5e4d3952129ec20d345df7fa",
    "owningId": "AheHxSBPbE",
    "relatedId": "M8NEC6Mwaj"
  },
  {
    "objectId": "5e4d3953129ec20d345df7fb",
    "owningId": "DlHQBjd2Ke",
    "relatedId": "ZAO3HYeMBq"
  },
  {
    "objectId": "5e4d3954129ec20d345df7fc",
    "owningId": "WUeznxS4oA",
    "relatedId": "GhX3kYcPwu"
  },
  {
    "objectId": "5e4d3954129ec20d345df7fd",
    "owningId": "nvhpnKO5rE",
    "relatedId": "8Ca0jTX5qs"
  },
  {
    "objectId": "5e4d3955129ec20d345df7fe",
    "owningId": "wv4OCjRaNi",
    "relatedId": "LmVuRk9p1h"
  },
  {
    "objectId": "5e4d3956129ec20d345df7ff",
    "owningId": "5VTtzmVSWN",
    "relatedId": "O8M9QtaGvP"
  },
  {
    "objectId": "5e4d3957129ec20d345df800",
    "owningId": "hOu7Is3jvO",
    "relatedId": "nU1RKCav52"
  },
  {
    "objectId": "5e4d3957129ec20d345df801",
    "owningId": "cbmMpY1LjE",
    "relatedId": "gH06dMEkw7"
  },
  {
    "objectId": "5e4d3958129ec20d345df802",
    "owningId": "iRCCJGZ3RJ",
    "relatedId": "WvvPaIfQ1s"
  },
  {
    "objectId": "5e4d3959129ec20d345df803",
    "owningId": "AVGAFwTSFb",
    "relatedId": "b4GD4JFdhe"
  },
  {
    "objectId": "5e4d395a129ec20d345df804",
    "owningId": "UN9yBtQstI",
    "relatedId": "M3ruEWjcUy"
  },
  {
    "objectId": "5e4d395b129ec20d345df805",
    "owningId": "hWGVevpYaK",
    "relatedId": "8jHw8ynZWW"
  },
  {
    "objectId": "5e4d395b129ec20d345df806",
    "owningId": "KoZCNHDS5X",
    "relatedId": "grPsJ6QCpy"
  },
  {
    "objectId": "5e4d395c129ec20d345df807",
    "owningId": "EpBnGVkBLF",
    "relatedId": "POuv0MaUnU"
  },
  {
    "objectId": "5e4d395d129ec20d345df809",
    "owningId": "qCcuxOqgkB",
    "relatedId": "jZWAJBUEjk"
  },
  {
    "objectId": "5e4d395d129ec20d345df808",
    "owningId": "qCcuxOqgkB",
    "relatedId": "YeMhlEup7m"
  },
  {
    "objectId": "5e4d395d129ec20d345df80a",
    "owningId": "qCcuxOqgkB",
    "relatedId": "MODx7ZSr5b"
  },
  {
    "objectId": "5e4d395e129ec20d345df80b",
    "owningId": "SJvwuMEme7",
    "relatedId": "ztU7ovU4G3"
  },
  {
    "objectId": "5e4d395f129ec20d345df80c",
    "owningId": "wHnODFxZFO",
    "relatedId": "hcRAbVOtYO"
  },
  {
    "objectId": "5e4d3960129ec20d345df80d",
    "owningId": "cbUYyXWdUS",
    "relatedId": "sTc3JLj7qk"
  },
  {
    "objectId": "5e4d3960129ec20d345df80e",
    "owningId": "H27W1K2Jx0",
    "relatedId": "4DTuFE2ePJ"
  },
  {
    "objectId": "5e4d3961129ec20d345df80f",
    "owningId": "qlkgJorlNV",
    "relatedId": "WOZdThv8Ef"
  },
  {
    "objectId": "5e4d3962129ec20d345df810",
    "owningId": "4lgb4MnCu4",
    "relatedId": "w9006NhilK"
  },
  {
    "objectId": "5e4d3963129ec20d345df814",
    "owningId": "nRlkwMtWiB",
    "relatedId": "WfeSg9o6CL"
  },
  {
    "objectId": "5e4d3963129ec20d345df816",
    "owningId": "nRlkwMtWiB",
    "relatedId": "z8CGuu5XDH"
  },
  {
    "objectId": "5e4d3963129ec20d345df812",
    "owningId": "nRlkwMtWiB",
    "relatedId": "2FhsiB27Hy"
  },
  {
    "objectId": "5e4d3963129ec20d345df815",
    "owningId": "nRlkwMtWiB",
    "relatedId": "etx2AlvAKf"
  },
  {
    "objectId": "5e4d3963129ec20d345df811",
    "owningId": "nRlkwMtWiB",
    "relatedId": "nRd28gMWrG"
  },
  {
    "objectId": "5e4d3963129ec20d345df813",
    "owningId": "nRlkwMtWiB",
    "relatedId": "7XXxgH9rKB"
  },
  {
    "objectId": "5e4d3963129ec20d345df817",
    "owningId": "nRlkwMtWiB",
    "relatedId": "nM6B2B0Dur"
  },
  {
    "objectId": "5e4d3964129ec20d345df818",
    "owningId": "eaNpdUY6IC",
    "relatedId": "QgX4EN4g0i"
  },
  {
    "objectId": "5e4d3965129ec20d345df819",
    "owningId": "P2wZxWNxtr",
    "relatedId": "xd65RJ9FRo"
  },
  {
    "objectId": "5e4d3965129ec20d345df81a",
    "owningId": "GOaMR5GKXm",
    "relatedId": "BsixeUEWnZ"
  },
  {
    "objectId": "5e4d3966129ec20d345df81b",
    "owningId": "f83FzMh6Ty",
    "relatedId": "YxGjCdgeoj"
  },
  {
    "objectId": "5e4d3967129ec20d345df81c",
    "owningId": "9N0Bhm2Ge4",
    "relatedId": "3zin9KwfNN"
  },
  {
    "objectId": "5e4d3968129ec20d345df81d",
    "owningId": "ZoFyPeNM5E",
    "relatedId": "gxuhA4BXEg"
  },
  {
    "objectId": "5e4d3969129ec20d345df81e",
    "owningId": "fl5yo1HfMR",
    "relatedId": "GZSVHAGgMm"
  },
  {
    "objectId": "5e4d3969129ec20d345df81f",
    "owningId": "9kbcTFZyKo",
    "relatedId": "jTgjjr4InW"
  },
  {
    "objectId": "5e4d396a129ec20d345df820",
    "owningId": "5LNFOuO2Wh",
    "relatedId": "RnBAhnr0lX"
  },
  {
    "objectId": "5e4d396b129ec20d345df821",
    "owningId": "SRLc1TCwHn",
    "relatedId": "MPBdszTkHo"
  },
  {
    "objectId": "5e4d396c129ec20d345df822",
    "owningId": "FgwdDPUXmJ",
    "relatedId": "lSmKjAsGZd"
  },
  {
    "objectId": "5e4d396d129ec20d345df823",
    "owningId": "Smz1hTRSIU",
    "relatedId": "8c50Yk0Sba"
  },
  {
    "objectId": "5e4d396d129ec20d345df824",
    "owningId": "nE8gX0MFSZ",
    "relatedId": "5xehb2bVxq"
  },
  {
    "objectId": "5e4d396e129ec20d345df825",
    "owningId": "bmYANF81hv",
    "relatedId": "sZNftGCkYB"
  },
  {
    "objectId": "5e4d396f129ec20d345df826",
    "owningId": "wY0pApCtUt",
    "relatedId": "PgK5EdfrrW"
  },
  {
    "objectId": "5e4d3970129ec20d345df827",
    "owningId": "ta7ARILnW0",
    "relatedId": "wR8MbeA8Dm"
  },
  {
    "objectId": "5e4d3971129ec20d345df828",
    "owningId": "09fXl7u3FD",
    "relatedId": "OU1BRRyeAO"
  },
  {
    "objectId": "5e4d3971129ec20d345df829",
    "owningId": "ZTZhlMFIyJ",
    "relatedId": "Xxy9jbZrBI"
  },
  {
    "objectId": "5e4d3971129ec20d345df82a",
    "owningId": "ZTZhlMFIyJ",
    "relatedId": "qcUHFGclUH"
  },
  {
    "objectId": "5e4d3972129ec20d345df82b",
    "owningId": "dAH4X1RHQb",
    "relatedId": "jYNlyU0Hiw"
  },
  {
    "objectId": "5e4d3973129ec20d345df82c",
    "owningId": "jreQzrjZx6",
    "relatedId": "HvsLREeyhD"
  },
  {
    "objectId": "5e4d3974129ec20d345df82d",
    "owningId": "cz9fi68eVU",
    "relatedId": "FJV3aG2CEZ"
  },
  {
    "objectId": "5e4d3975129ec20d345df82e",
    "owningId": "76H3yHIo7U",
    "relatedId": "gCjMGQqEIp"
  },
  {
    "objectId": "5e4d3975129ec20d345df830",
    "owningId": "76H3yHIo7U",
    "relatedId": "ddrvxihGvV"
  },
  {
    "objectId": "5e4d3975129ec20d345df82f",
    "owningId": "76H3yHIo7U",
    "relatedId": "X3PkFV9nR8"
  },
  {
    "objectId": "5e4d3975129ec20d345df831",
    "owningId": "larowCNukg",
    "relatedId": "QAZLsCgKqg"
  },
  {
    "objectId": "5e4d3976129ec20d345df832",
    "owningId": "cljDTSxy5A",
    "relatedId": "1Iy03fSpTd"
  },
  {
    "objectId": "5e4d3977129ec20d345df833",
    "owningId": "zA1OoRvjvL",
    "relatedId": "fscEPEGI9b"
  },
  {
    "objectId": "5e4d3978129ec20d345df834",
    "owningId": "1hYnFHML5d",
    "relatedId": "kZrh4RgFWb"
  },
  {
    "objectId": "5e4d3979129ec20d345df835",
    "owningId": "zowYF6xHFj",
    "relatedId": "te7ktMSD9W"
  },
  {
    "objectId": "5e4d3979129ec20d345df836",
    "owningId": "HEXUplP1Se",
    "relatedId": "FH1sOE1j4T"
  },
  {
    "objectId": "5e4d397a129ec20d345df837",
    "owningId": "cxnFBlqeWx",
    "relatedId": "RPTWRpbaJz"
  },
  {
    "objectId": "5e4d397b129ec20d345df838",
    "owningId": "ovfuQeRszZ",
    "relatedId": "y0oufBskSg"
  },
  {
    "objectId": "5e4d397c129ec20d345df839",
    "owningId": "clpCIxZu1P",
    "relatedId": "W0Eaqj8QnN"
  },
  {
    "objectId": "5e4d397c129ec20d345df844",
    "owningId": "jbrIeE76hr",
    "relatedId": "mDVbgprSaZ"
  },
  {
    "objectId": "5e4d397c129ec20d345df83f",
    "owningId": "jbrIeE76hr",
    "relatedId": "EuS2c4OEV0"
  },
  {
    "objectId": "5e4d397c129ec20d345df83c",
    "owningId": "jbrIeE76hr",
    "relatedId": "aY3tkPtdem"
  },
  {
    "objectId": "5e4d397c129ec20d345df843",
    "owningId": "jbrIeE76hr",
    "relatedId": "GRQIwyzjRy"
  },
  {
    "objectId": "5e4d397c129ec20d345df841",
    "owningId": "jbrIeE76hr",
    "relatedId": "XAjIuz3DwD"
  },
  {
    "objectId": "5e4d397c129ec20d345df83a",
    "owningId": "jbrIeE76hr",
    "relatedId": "aLzqL2YMAd"
  },
  {
    "objectId": "5e4d397c129ec20d345df83e",
    "owningId": "jbrIeE76hr",
    "relatedId": "tpfSczIWEG"
  },
  {
    "objectId": "5e4d397c129ec20d345df83b",
    "owningId": "jbrIeE76hr",
    "relatedId": "Fd076NzVVh"
  },
  {
    "objectId": "5e4d397c129ec20d345df83d",
    "owningId": "jbrIeE76hr",
    "relatedId": "kg4bJLjWua"
  },
  {
    "objectId": "5e4d397c129ec20d345df840",
    "owningId": "jbrIeE76hr",
    "relatedId": "Qn7sgDyRXN"
  },
  {
    "objectId": "5e4d397c129ec20d345df842",
    "owningId": "jbrIeE76hr",
    "relatedId": "POts9Zzrpy"
  },
  {
    "objectId": "5e4d397d129ec20d345df845",
    "owningId": "SHOmq2VQlZ",
    "relatedId": "GKuuGXD9hR"
  },
  {
    "objectId": "5e4d397d129ec20d345df846",
    "owningId": "SHOmq2VQlZ",
    "relatedId": "kfJcKBoTL3"
  },
  {
    "objectId": "5e4d397e129ec20d345df847",
    "owningId": "9CVfAKT2WO",
    "relatedId": "dcieGadry1"
  },
  {
    "objectId": "5e4d397f129ec20d345df848",
    "owningId": "cJ8QXx4aDG",
    "relatedId": "y3g51Vwhhx"
  },
  {
    "objectId": "5e4d3980129ec20d345df849",
    "owningId": "7Ewydti2W5",
    "relatedId": "jeLcVDk8f0"
  },
  {
    "objectId": "5e4d3980129ec20d345df84a",
    "owningId": "lpk34LaX1T",
    "relatedId": "uwNo3YzXsD"
  },
  {
    "objectId": "5e4d3981129ec20d345df84b",
    "owningId": "NHfUsjuEP3",
    "relatedId": "BwZvBZ1TE5"
  },
  {
    "objectId": "5e4d3982129ec20d345df84c",
    "owningId": "oqts6mjw76",
    "relatedId": "Czx7Sxf5x5"
  },
  {
    "objectId": "5e4d3983129ec20d345df84d",
    "owningId": "sCGe1vsv7x",
    "relatedId": "GlWzmopRS5"
  },
  {
    "objectId": "5e4d3984129ec20d345df84e",
    "owningId": "9FyUSGZNnf",
    "relatedId": "pGsuR6XmnG"
  },
  {
    "objectId": "5e4d3985129ec20d345df84f",
    "owningId": "T6MXJLAUjG",
    "relatedId": "Hoa1nlaStJ"
  },
  {
    "objectId": "5e4d3986129ec20d345df850",
    "owningId": "uq5oiRuEKm",
    "relatedId": "10HDs9FuEj"
  },
  {
    "objectId": "5e4d3987129ec20d345df851",
    "owningId": "dhD7xYDFi6",
    "relatedId": "ca4V0HcoMS"
  },
  {
    "objectId": "5e4d3988129ec20d345df852",
    "owningId": "QJRUbL4g9z",
    "relatedId": "ZepTuKOnV0"
  },
  {
    "objectId": "5e4d3988129ec20d345df854",
    "owningId": "2vGNu7Yn7D",
    "relatedId": "LKcY3cquJ8"
  },
  {
    "objectId": "5e4d3988129ec20d345df853",
    "owningId": "2vGNu7Yn7D",
    "relatedId": "Hfv5bMXJFs"
  },
  {
    "objectId": "5e4d3989129ec20d345df855",
    "owningId": "ta4EmTNWmu",
    "relatedId": "km3ZrYdb5c"
  },
  {
    "objectId": "5e4d398a129ec20d345df856",
    "owningId": "fjNf3u1Mx1",
    "relatedId": "vwYLJ7TnzA"
  },
  {
    "objectId": "5e4d398b129ec20d345df857",
    "owningId": "8IhgzPlSIn",
    "relatedId": "78KZpv06dD"
  },
  {
    "objectId": "5e4d398c129ec20d345df858",
    "owningId": "Ms1BrT4Gl8",
    "relatedId": "OrnXmkLaXk"
  },
  {
    "objectId": "5e4d398c129ec20d345df85a",
    "owningId": "Ms1BrT4Gl8",
    "relatedId": "G7Nz0NLAvu"
  },
  {
    "objectId": "5e4d398c129ec20d345df859",
    "owningId": "Ms1BrT4Gl8",
    "relatedId": "CSMSLaHIMF"
  },
  {
    "objectId": "5e4d398d129ec20d345df85b",
    "owningId": "uonlBdxrxQ",
    "relatedId": "j4OAB3E94Z"
  },
  {
    "objectId": "5e4d398d129ec20d345df85c",
    "owningId": "uonlBdxrxQ",
    "relatedId": "DUx7yqzQRj"
  },
  {
    "objectId": "5e4d398e129ec20d345df85d",
    "owningId": "pmnzGTREty",
    "relatedId": "DnwtKDs3wJ"
  },
  {
    "objectId": "5e4d398f129ec20d345df85e",
    "owningId": "YE4pRFqDqA",
    "relatedId": "IQk3mVdGVn"
  },
  {
    "objectId": "5e4d3990129ec20d345df861",
    "owningId": "bejQecXKxm",
    "relatedId": "Frj7lgPy4R"
  },
  {
    "objectId": "5e4d3991129ec20d345df862",
    "owningId": "iiFNu3iWEe",
    "relatedId": "Gn9EV3l0jD"
  },
  {
    "objectId": "5e4d3992129ec20d345df863",
    "owningId": "wo6WYeq2XC",
    "relatedId": "HmVyTRjfnO"
  },
  {
    "objectId": "5e4d3992129ec20d345df864",
    "owningId": "Gk9CYF6qoa",
    "relatedId": "VRqcrPB8Nw"
  },
  {
    "objectId": "5e4d3993129ec20d345df865",
    "owningId": "yP5OXMfgmQ",
    "relatedId": "DufbM55tmY"
  },
  {
    "objectId": "5e4d3993129ec20d345df866",
    "owningId": "yP5OXMfgmQ",
    "relatedId": "SvVEsFG9ci"
  },
  {
    "objectId": "5e4d3994129ec20d345df869",
    "owningId": "EZzqrmo1am",
    "relatedId": "1U96kOGKOd"
  },
  {
    "objectId": "5e4d3994129ec20d345df86a",
    "owningId": "EZzqrmo1am",
    "relatedId": "qZBWkEPnpx"
  },
  {
    "objectId": "5e4d3994129ec20d345df86b",
    "owningId": "EZzqrmo1am",
    "relatedId": "H56EffTUcL"
  },
  {
    "objectId": "5e4d3995129ec20d345df86c",
    "owningId": "9r4GHFt1Gt",
    "relatedId": "tCUBxDF7Jm"
  },
  {
    "objectId": "5e4d3996129ec20d345df86d",
    "owningId": "4GJnHdhGyv",
    "relatedId": "Lh4qGSM9dW"
  },
  {
    "objectId": "5e4d3997129ec20d345df86e",
    "owningId": "fadJTpiTZO",
    "relatedId": "TINm0ohDHB"
  },
  {
    "objectId": "5e4d3999129ec20d345df86f",
    "owningId": "ZRHFFbzHPq",
    "relatedId": "JEZKUvhkaV"
  },
  {
    "objectId": "5e4d399a129ec20d345df871",
    "owningId": "5QOfVVtfWk",
    "relatedId": "TRZGMtnctD"
  },
  {
    "objectId": "5e4d399a129ec20d345df872",
    "owningId": "AqY4dkqJok",
    "relatedId": "wDGIKmU1BW"
  },
  {
    "objectId": "5e4d399b129ec20d345df873",
    "owningId": "vg1c2CxgQ3",
    "relatedId": "sHxFZUVGDz"
  },
  {
    "objectId": "5e4d399b129ec20d345df876",
    "owningId": "vg1c2CxgQ3",
    "relatedId": "EwI3r0dR1H"
  },
  {
    "objectId": "5e4d399b129ec20d345df875",
    "owningId": "vg1c2CxgQ3",
    "relatedId": "huMjyz0o1c"
  },
  {
    "objectId": "5e4d399b129ec20d345df874",
    "owningId": "vg1c2CxgQ3",
    "relatedId": "TOFkvC4DFy"
  },
  {
    "objectId": "5e4d399b129ec20d345df87d",
    "owningId": "vg1c2CxgQ3",
    "relatedId": "wgGQdBlMUi"
  },
  {
    "objectId": "5e4d399b129ec20d345df877",
    "owningId": "vg1c2CxgQ3",
    "relatedId": "s7Y2SaHGRw"
  },
  {
    "objectId": "5e4d399b129ec20d345df879",
    "owningId": "vg1c2CxgQ3",
    "relatedId": "ozcmMssnS8"
  },
  {
    "objectId": "5e4d399b129ec20d345df87a",
    "owningId": "vg1c2CxgQ3",
    "relatedId": "Hi2uZMGkBg"
  },
  {
    "objectId": "5e4d399b129ec20d345df87c",
    "owningId": "vg1c2CxgQ3",
    "relatedId": "sO2dZh0Yxp"
  },
  {
    "objectId": "5e4d399b129ec20d345df878",
    "owningId": "vg1c2CxgQ3",
    "relatedId": "l0AnLSOIeD"
  },
  {
    "objectId": "5e4d399b129ec20d345df87b",
    "owningId": "vg1c2CxgQ3",
    "relatedId": "NLGIJ6XDJR"
  },
  {
    "objectId": "5e4d399b129ec20d345df87e",
    "owningId": "vg1c2CxgQ3",
    "relatedId": "DkWiELht0j"
  },
  {
    "objectId": "5e4d399b129ec20d345df881",
    "owningId": "vg1c2CxgQ3",
    "relatedId": "s4WHfEQbvH"
  },
  {
    "objectId": "5e4d399b129ec20d345df880",
    "owningId": "vg1c2CxgQ3",
    "relatedId": "SXaOhmDuGz"
  },
  {
    "objectId": "5e4d399b129ec20d345df883",
    "owningId": "vg1c2CxgQ3",
    "relatedId": "TTt7YiJgj7"
  },
  {
    "objectId": "5e4d399b129ec20d345df885",
    "owningId": "vg1c2CxgQ3",
    "relatedId": "eIylAoqSUd"
  },
  {
    "objectId": "5e4d399b129ec20d345df887",
    "owningId": "vg1c2CxgQ3",
    "relatedId": "BEHs6AuQ2C"
  },
  {
    "objectId": "5e4d399b129ec20d345df886",
    "owningId": "vg1c2CxgQ3",
    "relatedId": "RnLUrTaXmz"
  },
  {
    "objectId": "5e4d399b129ec20d345df882",
    "owningId": "vg1c2CxgQ3",
    "relatedId": "uAXwlvLgFn"
  },
  {
    "objectId": "5e4d399b129ec20d345df884",
    "owningId": "vg1c2CxgQ3",
    "relatedId": "eeb0eUv2q0"
  },
  {
    "objectId": "5e4d399b129ec20d345df87f",
    "owningId": "vg1c2CxgQ3",
    "relatedId": "XSwlfovyrM"
  },
  {
    "objectId": "5e4d399b129ec20d345df888",
    "owningId": "vg1c2CxgQ3",
    "relatedId": "JzZhrqsQ8D"
  },
  {
    "objectId": "5e4d399b129ec20d345df889",
    "owningId": "vg1c2CxgQ3",
    "relatedId": "JkOHRzZ1rM"
  },
  {
    "objectId": "5e4d399b129ec20d345df88a",
    "owningId": "vg1c2CxgQ3",
    "relatedId": "3CrY9HASlR"
  },
  {
    "objectId": "5e4d399b129ec20d345df88b",
    "owningId": "vg1c2CxgQ3",
    "relatedId": "htGGqRLD7h"
  },
  {
    "objectId": "5e4d399b129ec20d345df88c",
    "owningId": "vg1c2CxgQ3",
    "relatedId": "jW1s1gIGI8"
  },
  {
    "objectId": "5e4d399b129ec20d345df88d",
    "owningId": "vg1c2CxgQ3",
    "relatedId": "prCXTfweSQ"
  },
  {
    "objectId": "5e4d399c129ec20d345df88e",
    "owningId": "vtGcP4T5wj",
    "relatedId": "n9XKuUtSuC"
  },
  {
    "objectId": "5e4d399d129ec20d345df88f",
    "owningId": "PqGe1JXHMY",
    "relatedId": "PNP3hPPGFQ"
  },
  {
    "objectId": "5e4d399e129ec20d345df890",
    "owningId": "7LyrWI5wCC",
    "relatedId": "DEYXnYD1LG"
  },
  {
    "objectId": "5e4d399f129ec20d345df891",
    "owningId": "vRMloHTZn5",
    "relatedId": "OiDoeYBhGi"
  },
  {
    "objectId": "5e4d39a0129ec20d345df892",
    "owningId": "uPVdFzQ71M",
    "relatedId": "PEiRRNqC6k"
  },
  {
    "objectId": "5e4d39a1129ec20d345df893",
    "owningId": "220UohZbeo",
    "relatedId": "GmAGSsKFH9"
  },
  {
    "objectId": "5e4d39a2129ec20d345df894",
    "owningId": "AnLxFNCcFS",
    "relatedId": "KI1yHTHRYF"
  },
  {
    "objectId": "5e4d39a3129ec20d345df895",
    "owningId": "S4rLvSxvNl",
    "relatedId": "Kl8J09L0Nx"
  },
  {
    "objectId": "5e4d39a4129ec20d345df896",
    "owningId": "oQQC8mAbuz",
    "relatedId": "FjIMrJMzny"
  },
  {
    "objectId": "5e4d39a5129ec20d345df897",
    "owningId": "HmcygKfUvr",
    "relatedId": "MHrZDrinFt"
  },
  {
    "objectId": "5e4d39a6129ec20d345df898",
    "owningId": "2PuVugMMXs",
    "relatedId": "zUBuD3r54u"
  },
  {
    "objectId": "5e4d39a6129ec20d345df899",
    "owningId": "xzEkRDMtUU",
    "relatedId": "PKczD2QUUQ"
  },
  {
    "objectId": "5e4d39a7129ec20d345df89a",
    "owningId": "80T3vlLgy2",
    "relatedId": "GY5a4uwlx0"
  },
  {
    "objectId": "5e4d39a8129ec20d345df89b",
    "owningId": "loX389odU1",
    "relatedId": "sp6OFJCYuk"
  },
  {
    "objectId": "5e4d39a9129ec20d345df89c",
    "owningId": "0ncikAUv2i",
    "relatedId": "1cS0qgxqeZ"
  },
  {
    "objectId": "5e4d39aa129ec20d345df89d",
    "owningId": "iNVlDu9rb9",
    "relatedId": "dhAFbfOYV9"
  },
  {
    "objectId": "5e4d39aa129ec20d345df89e",
    "owningId": "ICkEMQPTMM",
    "relatedId": "2pOOGHOGEG"
  },
  {
    "objectId": "5e4d39ab129ec20d345df89f",
    "owningId": "0fiEmgrqKa",
    "relatedId": "FF19sFoy2h"
  },
  {
    "objectId": "5e4d39ac129ec20d345df8a0",
    "owningId": "neXLLQcOcE",
    "relatedId": "ZNyYnODagF"
  },
  {
    "objectId": "5e4d39ad129ec20d345df8a1",
    "owningId": "nc6YPq9LzZ",
    "relatedId": "VWnrMH5QOS"
  },
  {
    "objectId": "5e4d39ae129ec20d345df8a2",
    "owningId": "aCjqJX3che",
    "relatedId": "e4QVRQ4kxe"
  },
  {
    "objectId": "5e4d39af129ec20d345df8a3",
    "owningId": "uVLeKcyCeh",
    "relatedId": "toHgK62zHC"
  },
  {
    "objectId": "5e4d39b0129ec20d345df8a4",
    "owningId": "bzZECrPB6P",
    "relatedId": "G0EBhtrKhq"
  },
  {
    "objectId": "5e4d39b1129ec20d345df8a5",
    "owningId": "8lQ5LYAawJ",
    "relatedId": "K2VCTbHcjX"
  },
  {
    "objectId": "5e4d39b2129ec20d345df8a6",
    "owningId": "9yGMMYfLDC",
    "relatedId": "BkRTjv3yEE"
  },
  {
    "objectId": "5e4d39b2129ec20d345df8a7",
    "owningId": "LlF4qcKuXw",
    "relatedId": "mvfTncPNgO"
  },
  {
    "objectId": "5e4d39b3129ec20d345df8a8",
    "owningId": "k2lukc4AyV",
    "relatedId": "AMPw3faWUG"
  },
  {
    "objectId": "5e4d39b4129ec20d345df8a9",
    "owningId": "temdDhXHMy",
    "relatedId": "VmZt48S1Td"
  },
  {
    "objectId": "5e4d39b5129ec20d345df8aa",
    "owningId": "xxYK5gIxUh",
    "relatedId": "x55REeTMMY"
  },
  {
    "objectId": "5e4d39b5129ec20d345df8ab",
    "owningId": "uy6B519CzE",
    "relatedId": "BXlZGUTibd"
  },
  {
    "objectId": "5e4d39b6129ec20d345df8ac",
    "owningId": "qURMHRB5Bh",
    "relatedId": "FzEBGfs2Z3"
  },
  {
    "objectId": "5e4d39b7129ec20d345df8ad",
    "owningId": "6FCCfIIcf0",
    "relatedId": "DBM0OCaJ3v"
  },
  {
    "objectId": "5e4d39b8129ec20d345df8ae",
    "owningId": "jYnYAs4gVv",
    "relatedId": "egcoxkIHKj"
  },
  {
    "objectId": "5e4d39b9129ec20d345df8af",
    "owningId": "r1dBFhG3I7",
    "relatedId": "0NkUVPKbV0"
  },
  {
    "objectId": "5e4d39ba129ec20d345df8b0",
    "owningId": "CseuLCM1Du",
    "relatedId": "svdcwhVth0"
  },
  {
    "objectId": "5e4d39bb129ec20d345df8b1",
    "owningId": "R9v6O9hXN8",
    "relatedId": "i0ZpxCiMiK"
  },
  {
    "objectId": "5e4d39bc129ec20d345df8b2",
    "owningId": "UnNh8r7cvJ",
    "relatedId": "JRDW1qvGLD"
  },
  {
    "objectId": "5e4d39bc129ec20d345df8b3",
    "owningId": "UIOtsTw0oX",
    "relatedId": "VNipNL9iMh"
  },
  {
    "objectId": "5e4d39bd129ec20d345df8b4",
    "owningId": "CzhIuuHOMH",
    "relatedId": "3cqfy1EVgg"
  },
  {
    "objectId": "5e4d39bd129ec20d345df8b6",
    "owningId": "CzhIuuHOMH",
    "relatedId": "3VbxIW90QL"
  },
  {
    "objectId": "5e4d39bd129ec20d345df8b5",
    "owningId": "CzhIuuHOMH",
    "relatedId": "razToHZKPO"
  },
  {
    "objectId": "5e4d39be129ec20d345df8b7",
    "owningId": "VrjHD4Le7A",
    "relatedId": "BqsMQn9GsJ"
  },
  {
    "objectId": "5e4d39bf129ec20d345df8b8",
    "owningId": "9noh09Cgce",
    "relatedId": "MOjGZtehlS"
  },
  {
    "objectId": "5e4d39bf129ec20d345df8b9",
    "owningId": "9noh09Cgce",
    "relatedId": "coCTliABkA"
  },
  {
    "objectId": "5e4d39c0129ec20d345df8ba",
    "owningId": "BXkZTl2omc",
    "relatedId": "ANVZuFlU4i"
  },
  {
    "objectId": "5e4d39c0129ec20d345df8bb",
    "owningId": "BXkZTl2omc",
    "relatedId": "57D4zE6sWm"
  },
  {
    "objectId": "5e4d39c0129ec20d345df8bd",
    "owningId": "BXkZTl2omc",
    "relatedId": "fDKVe2D9kg"
  },
  {
    "objectId": "5e4d39c0129ec20d345df8bc",
    "owningId": "BXkZTl2omc",
    "relatedId": "TtK6whAWpE"
  },
  {
    "objectId": "5e4d39c0129ec20d345df8c0",
    "owningId": "BXkZTl2omc",
    "relatedId": "0DfAsBiFJO"
  },
  {
    "objectId": "5e4d39c0129ec20d345df8c1",
    "owningId": "BXkZTl2omc",
    "relatedId": "tMIMQmjOgX"
  },
  {
    "objectId": "5e4d39c0129ec20d345df8be",
    "owningId": "BXkZTl2omc",
    "relatedId": "JcITuALKkb"
  },
  {
    "objectId": "5e4d39c0129ec20d345df8bf",
    "owningId": "BXkZTl2omc",
    "relatedId": "oJAzk1ZuxT"
  },
  {
    "objectId": "5e4d39c0129ec20d345df8c7",
    "owningId": "BXkZTl2omc",
    "relatedId": "4aE1FHVXNZ"
  },
  {
    "objectId": "5e4d39c0129ec20d345df8c3",
    "owningId": "BXkZTl2omc",
    "relatedId": "AxaxGNX56o"
  },
  {
    "objectId": "5e4d39c0129ec20d345df8c6",
    "owningId": "BXkZTl2omc",
    "relatedId": "qgAjfGu2CZ"
  },
  {
    "objectId": "5e4d39c0129ec20d345df8c5",
    "owningId": "BXkZTl2omc",
    "relatedId": "UTeEhnekyX"
  },
  {
    "objectId": "5e4d39c0129ec20d345df8c4",
    "owningId": "BXkZTl2omc",
    "relatedId": "r0CTG0BiZ5"
  },
  {
    "objectId": "5e4d39c0129ec20d345df8c2",
    "owningId": "BXkZTl2omc",
    "relatedId": "VhEl5vIzLc"
  },
  {
    "objectId": "5e4d39c0129ec20d345df8c8",
    "owningId": "BXkZTl2omc",
    "relatedId": "hh9uSdRyIR"
  },
  {
    "objectId": "5e4d39c0129ec20d345df8ca",
    "owningId": "BXkZTl2omc",
    "relatedId": "Y9bPMmls6v"
  },
  {
    "objectId": "5e4d39c0129ec20d345df8c9",
    "owningId": "BXkZTl2omc",
    "relatedId": "sg95ul0cdv"
  },
  {
    "objectId": "5e4d39c0129ec20d345df8cd",
    "owningId": "BXkZTl2omc",
    "relatedId": "5yuakln9GD"
  },
  {
    "objectId": "5e4d39c0129ec20d345df8ce",
    "owningId": "BXkZTl2omc",
    "relatedId": "dO6IwLDFqV"
  },
  {
    "objectId": "5e4d39c0129ec20d345df8d0",
    "owningId": "BXkZTl2omc",
    "relatedId": "6fkzK5ePw7"
  },
  {
    "objectId": "5e4d39c0129ec20d345df8cb",
    "owningId": "BXkZTl2omc",
    "relatedId": "g5c3P0Dbx6"
  },
  {
    "objectId": "5e4d39c0129ec20d345df8cc",
    "owningId": "BXkZTl2omc",
    "relatedId": "IWz9dWVN7c"
  },
  {
    "objectId": "5e4d39c0129ec20d345df8cf",
    "owningId": "BXkZTl2omc",
    "relatedId": "K3Z9J3vIDG"
  },
  {
    "objectId": "5e4d39c0129ec20d345df8d1",
    "owningId": "BXkZTl2omc",
    "relatedId": "cqv5QNcVon"
  },
  {
    "objectId": "5e4d39c0129ec20d345df8d4",
    "owningId": "BXkZTl2omc",
    "relatedId": "Ay3ANtPIeN"
  },
  {
    "objectId": "5e4d39c0129ec20d345df8d5",
    "owningId": "BXkZTl2omc",
    "relatedId": "meMkOqGmsb"
  },
  {
    "objectId": "5e4d39c0129ec20d345df8d2",
    "owningId": "BXkZTl2omc",
    "relatedId": "LVJ5JKf1s7"
  },
  {
    "objectId": "5e4d39c0129ec20d345df8d6",
    "owningId": "BXkZTl2omc",
    "relatedId": "aYeMsUtZ3N"
  },
  {
    "objectId": "5e4d39c0129ec20d345df8d3",
    "owningId": "BXkZTl2omc",
    "relatedId": "PV5KkPXA2U"
  },
  {
    "objectId": "5e4d39c1129ec20d345df8d7",
    "owningId": "R0GyWd9YXw",
    "relatedId": "ynIRkazSrn"
  },
  {
    "objectId": "5e4d39c2129ec20d345df8d9",
    "owningId": "E4wHs4HoxE",
    "relatedId": "H7HpkJAHOi"
  },
  {
    "objectId": "5e4d39c2129ec20d345df8d8",
    "owningId": "E4wHs4HoxE",
    "relatedId": "M8rGIp2kzo"
  },
  {
    "objectId": "5e4d39c3129ec20d345df8da",
    "owningId": "HkXpCV8aEI",
    "relatedId": "gue4GipIZn"
  },
  {
    "objectId": "5e4d39c4129ec20d345df8db",
    "owningId": "SaCgGB3Wn9",
    "relatedId": "n9TxkUUTDA"
  },
  {
    "objectId": "5e4d39c5129ec20d345df8dc",
    "owningId": "RJHFlkiRRU",
    "relatedId": "uZXUpzfqYV"
  },
  {
    "objectId": "5e4d39c6129ec20d345df8dd",
    "owningId": "mNiifJ3CK4",
    "relatedId": "VO4EtRrQtB"
  },
  {
    "objectId": "5e4d39c6129ec20d345df8de",
    "owningId": "qMGd0YmE4G",
    "relatedId": "qMvUssoAeT"
  },
  {
    "objectId": "5e4d39c7129ec20d345df8df",
    "owningId": "MFNxWtOZIm",
    "relatedId": "CMe1H2o2u5"
  },
  {
    "objectId": "5e4d39c8129ec20d345df8e0",
    "owningId": "z3FhnVKZEk",
    "relatedId": "cfAF55Ycv0"
  },
  {
    "objectId": "5e4d39c9129ec20d345df8e1",
    "owningId": "t6iLvc2Vki",
    "relatedId": "6U3IK6scx0"
  },
  {
    "objectId": "5e4d39ca129ec20d345df8e2",
    "owningId": "FgCSmJ0kEH",
    "relatedId": "yjY4C2Nw6U"
  },
  {
    "objectId": "5e4d39cb129ec20d345df8e3",
    "owningId": "9tt1nNL4xu",
    "relatedId": "ZHhesjfF5O"
  },
  {
    "objectId": "5e4d39cc129ec20d345df8e4",
    "owningId": "987PhBD5EQ",
    "relatedId": "Gf6LUz6eNF"
  },
  {
    "objectId": "5e4d39cd129ec20d345df8e5",
    "owningId": "LQBwxAvUsE",
    "relatedId": "WAjuYpDPcc"
  },
  {
    "objectId": "5e4d39cd129ec20d345df8e6",
    "owningId": "Hf8Po3Jb1p",
    "relatedId": "z6EGp7eY7v"
  },
  {
    "objectId": "5e4d39ce129ec20d345df8e7",
    "owningId": "hvaqvemFp8",
    "relatedId": "aKdV2TgVJG"
  }
]
}